date,open,high,low,close,volume
2005-01-03,405.0001,409.5001,403.1001,407.6001,1061050.0
2005-01-04,410.0001,429.0001,409.0001,425.8501,2501549.0
2005-01-05,427.0001,439.9001,406.1501,425.9501,3537669.0
2005-01-06,426.0001,431.0001,412.0001,416.0501,3103853.0
2005-01-07,420.0001,428.5001,418.0001,426.3001,2330736.0
2005-01-10,429.9501,438.0001,415.0001,417.6501,1850442.0
2005-01-11,420.0001,420.0001,402.5501,404.8001,2747594.0
2005-01-12,406.0001,417.2501,398.0001,400.7001,3420474.0
2005-01-13,402.0001,430.0001,402.0001,425.1501,4149625.0
2005-01-14,427.0001,438.5001,420.4001,425.3001,4278746.0
2005-01-17,420.1001,437.0001,419.0001,434.4001,3757899.0
2005-01-18,438.0001,444.0001,436.0001,441.0001,3355718.0
2005-01-19,442.0001,449.5001,439.5501,445.3501,3189361.0
2005-01-20,448.5001,448.5001,418.1001,423.5001,16077468.0
2005-01-24,435.0001,435.0001,408.5501,413.8001,5339188.0
2005-01-25,413.1001,417.0001,404.0501,415.6001,5910262.0
2005-01-27,416.5001,421.9501,411.7501,419.6501,2529036.0
2005-01-28,419.0001,450.0001,419.0001,447.8501,5080153.0
2005-01-31,449.5001,468.8001,445.2001,449.2001,3301913.0
2005-02-01,453.0001,454.0001,439.0001,447.9501,2475111.0
2005-02-02,450.0001,455.0001,445.1001,452.8001,2132983.0
2005-02-03,456.9001,459.8501,454.0001,457.5001,1937930.0
2005-02-04,461.0001,462.0001,451.3501,455.9001,1868082.0
2005-02-07,460.0001,462.2501,452.1001,455.0001,1767169.0
2005-02-08,455.0001,457.9001,451.0001,453.3501,3099848.0
2005-02-09,454.0001,457.9001,453.7501,456.0501,711729.0
2005-02-10,458.0001,460.2001,452.0001,453.4001,881402.0
2005-02-11,458.0001,458.0001,450.0001,451.5001,646727.0
2005-02-14,455.0001,455.0001,445.0001,446.9501,591714.0
2005-02-15,448.0001,449.8001,443.2501,447.7001,614634.0
2005-02-16,450.1001,452.0001,439.0501,443.1501,545851.0
2005-02-17,441.0001,443.0001,436.2001,441.0501,929912.0
2005-02-18,441.0001,444.0001,436.0001,436.8001,428649.0
2005-02-21,437.2501,441.0001,431.0001,438.7501,1644747.0
2005-02-22,436.5001,444.9001,435.0001,443.6501,962342.0
2005-02-23,441.0001,445.8501,436.5001,438.0501,721037.0
2005-02-24,438.0501,439.5001,427.0001,428.4501,2733224.0
2005-02-25,432.2501,436.8501,429.3001,433.8501,1046538.0
2005-02-28,435.5001,451.1001,434.2501,449.3501,2526711.0
2005-03-01,448.5001,452.0001,438.2501,439.8501,667052.0
2005-03-02,441.8001,447.8001,441.0001,442.6001,500724.0
2005-03-03,443.7001,447.7501,443.0001,446.4501,558504.0
2005-03-04,448.0001,452.9001,446.0001,448.5001,880307.0
2005-03-07,449.8001,450.0001,440.0001,442.9501,382666.0
2005-03-08,444.8501,450.0001,442.5001,449.8001,945122.0
2005-03-09,449.9001,451.5001,440.2501,443.5501,1107205.0
2005-03-10,441.1001,445.4001,438.6001,440.4501,1119753.0
2005-03-11,442.1001,444.7001,435.1501,436.5501,553119.0
2005-03-14,433.5501,438.0001,427.1001,429.3001,1141165.0
2005-03-15,427.0001,431.7001,425.0001,426.4501,827432.0
2005-03-16,429.0001,435.5001,427.0001,427.9501,460164.0
2005-03-17,426.9001,430.9001,415.7001,420.0001,1153855.0
2005-03-18,424.0001,425.9001,412.5001,423.2501,842147.0
2005-03-21,426.9001,426.9001,415.4001,418.0001,398281.0
2005-03-22,418.0001,418.0001,408.5001,409.4001,342811.0
2005-03-23,409.0001,418.5001,409.0001,411.9501,642639.0
2005-03-24,414.0001,417.3501,402.1501,404.5501,479244.0
2005-03-28,409.7001,412.2501,405.4501,410.4501,428896.0
2005-03-29,410.0001,411.5001,393.5001,400.2001,1171420.0
2005-03-30,402.2501,403.7001,387.3501,396.7001,1526899.0
2005-03-31,401.0001,410.0501,396.0001,401.6001,1411864.0
2005-04-01,402.0001,415.0001,399.9001,413.3001,500394.0
2005-04-04,416.0001,427.6501,410.0001,424.9001,1098843.0
2005-04-05,425.0001,425.0001,407.0501,409.3501,408009.0
2005-04-06,413.0001,417.0001,408.5001,413.1501,589876.0
2005-04-07,414.0001,416.0001,406.0501,408.7501,529179.0
2005-04-08,410.0001,411.3001,401.0001,404.1001,593431.0
2005-04-11,409.0001,413.0001,401.1501,404.9501,522331.0
2005-04-12,407.0001,408.7501,403.0001,405.9501,460719.0
2005-04-13,413.9501,439.7001,413.9501,425.2501,10306233.0
2005-04-15,424.9501,427.0001,418.6001,421.0001,3203993.0
2005-04-18,421.9001,424.8501,415.0001,417.6001,2041490.0
2005-04-19,422.9001,426.0001,416.1001,418.2001,4638417.0
2005-04-20,421.7001,429.0001,406.1501,423.8501,11776485.0
2005-04-21,423.8001,431.7501,418.0001,430.6501,1861115.0
2005-04-22,432.0001,435.0501,428.1501,434.0501,886682.0
2005-04-25,434.7001,441.5501,432.0001,436.2001,1161933.0
2005-04-26,436.1001,438.5001,430.1001,431.5001,1013500.0
2005-04-27,432.0001,432.8001,421.0001,423.3501,696152.0
2005-04-28,424.0001,432.9501,422.1001,426.7501,1085553.0
2005-04-29,427.5001,427.5001,419.0001,421.3501,1283696.0
2005-05-02,417.0001,432.0001,417.0001,430.2501,1058650.0
2005-05-03,432.0001,435.0001,429.0001,431.1501,1047730.0
2005-05-04,433.0001,436.8001,432.5001,433.6501,632589.0
2005-05-05,430.1001,432.0001,425.0501,426.1501,547224.0
2005-05-06,428.5001,433.8001,425.2001,430.0001,917710.0
2005-05-09,430.0001,435.9501,430.0001,435.3501,660092.0
2005-05-10,436.0001,446.7501,432.1501,442.2501,850855.0
2005-05-11,441.5001,443.5001,435.0001,441.7001,610494.0
2005-05-12,445.0001,446.5001,442.0001,445.2501,1668357.0
2005-05-13,445.5001,449.4001,442.2001,444.0001,447519.0
2005-05-16,444.1001,446.3001,441.0001,442.3501,252458.0
2005-05-17,447.0001,449.4001,440.6001,445.3001,1146505.0
2005-05-18,444.0001,445.5001,436.5001,438.9501,561526.0
2005-05-19,445.2501,445.8001,442.0001,443.6501,244051.0
2005-05-20,443.0001,445.0001,438.0001,440.2501,517014.0
2005-05-23,441.1001,444.5001,436.0001,437.2501,393211.0
2005-05-24,437.1501,440.4001,431.2001,433.0001,887170.0
2005-05-25,433.5001,438.5001,433.5001,435.7501,299333.0
2005-05-26,437.0001,442.0001,434.1501,438.6001,972632.0
2005-05-27,440.0001,453.5001,440.0001,447.5001,1207256.0
2005-05-30,450.0001,450.9001,445.7001,447.9501,490111.0
2005-05-31,449.0001,455.2501,447.0501,453.5501,1035078.0
2005-06-01,453.0001,456.9001,445.5501,451.2001,602784.0
2005-06-02,454.0001,454.0001,446.6001,448.0001,734312.0
2005-06-03,448.0001,450.0001,440.0001,443.8001,1236183.0
2005-06-06,444.8001,450.0001,444.0001,446.5001,794740.0
2005-06-07,450.0001,458.9001,447.9501,454.8001,704492.0
2005-06-08,456.5001,458.5501,450.7501,453.6001,675197.0
2005-06-09,456.0001,458.5001,450.3501,452.4001,1894640.0
2005-06-10,456.0001,456.4501,450.0001,454.4001,744669.0
2005-06-13,456.0001,461.4001,453.0001,460.0001,1467161.0
2005-06-14,461.0001,466.9001,459.9501,462.1501,634839.0
2005-06-15,463.8001,464.8001,458.7501,460.2501,547726.0
2005-06-16,462.0001,463.5001,453.0001,454.2001,434941.0
2005-06-17,456.7501,456.7501,447.3001,451.3501,1644102.0
2005-06-20,61.0,61.9,49.4,59.3,1282214.0
2005-06-21,59.9,63.1,58.35,62.85,1099303.0
2005-06-22,63.25,64.4,63.1,64.15,1605005.0
2005-06-23,65.0,66.15,64.15,64.45,1303176.0
2005-06-24,65.05,65.05,62.3,62.55,831080.0
2005-06-27,62.85,62.85,61.25,62.25,743560.0
2005-06-28,62.0,62.1,59.0,59.85,643718.0
2005-06-29,60.8,60.8,58.0,60.05,1186116.0
2005-06-30,60.5,60.95,58.5,59.0,700406.0
2005-07-01,59.9,60.2,59.0,59.65,539086.0
2005-07-04,59.9,60.95,59.55,60.65,524521.0
2005-07-05,60.9,61.25,59.55,59.75,372240.0
2005-07-06,60.8,61.0,59.75,60.35,689753.0
2005-07-07,61.0,61.6,59.5,59.95,519915.0
2005-07-08,60.9,61.0,60.25,60.65,378993.0
2005-07-11,61.0,62.75,60.8,62.3,933694.0
2005-07-12,63.0,64.35,61.8,63.1,1112075.0
2005-07-13,63.55,64.4,62.0,62.2,682144.0
2005-07-14,62.0,62.5,60.4,60.75,899750.0
2005-07-15,61.45,61.7,60.2,60.8,367474.0
2005-07-18,62.0,65.0,60.5,60.9,1266352.0
2005-07-19,61.5,62.1,60.5,61.75,604964.0
2005-07-20,62.55,62.7,60.9,61.4,985033.0
2005-07-21,61.9,63.0,61.6,62.25,1359090.0
2005-07-22,62.0,62.9,62.0,62.45,973560.0
2005-07-25,63.1,64.35,62.75,63.9,1271744.0
2005-07-26,64.4,66.9,63.2,65.75,1688223.0
2005-07-27,66.25,67.0,65.6,66.05,623437.0
2005-07-29,66.8,66.8,64.1,64.55,506651.0
2005-08-01,65.8,67.1,63.8,66.9,1536254.0
2005-08-02,67.2,67.8,66.25,67.2,892436.0
2005-08-03,67.5,68.0,65.2,65.65,644555.0
2005-08-04,65.7,66.75,65.2,65.75,1566285.0
2005-08-05,65.9,66.4,64.65,65.25,430705.0
2005-08-08,65.9,65.95,62.7,63.0,1157285.0
2005-08-09,63.5,66.0,62.9,65.4,4549797.0
2005-08-10,66.0,66.1,64.5,64.95,1565600.0
2005-08-11,65.75,65.95,64.5,65.15,1353818.0
2005-08-12,65.5,66.9,65.0,65.65,3121569.0
2005-08-16,66.25,66.7,65.3,65.85,735887.0
2005-08-17,66.0,66.0,64.5,65.0,580473.0
2005-08-18,65.75,66.2,64.1,65.0,832446.0
2005-08-19,65.3,66.5,64.9,65.3,1129361.0
2005-08-22,65.95,67.15,65.25,66.3,2302200.0
2005-08-23,66.95,67.0,63.8,64.15,609960.0
2005-08-24,64.9,64.95,61.9,63.45,805526.0
2005-08-25,63.6,63.95,62.55,63.4,1043278.0
2005-08-26,64.4,65.6,64.0,65.35,635701.0
2005-08-29,65.05,65.7,64.0,65.3,419086.0
2005-08-30,65.95,66.25,65.5,65.85,527657.0
2005-08-31,65.75,65.9,65.0,65.6,990360.0
2005-09-01,66.4,68.05,66.0,67.75,1887274.0
2005-09-02,68.1,69.0,67.5,68.7,844780.0
2005-09-05,70.0,72.5,69.1,71.9,1987036.0
2005-09-06,72.25,72.75,70.4,70.9,530256.0
2005-09-08,72.0,72.0,70.55,70.9,484034.0
2005-09-09,71.5,71.8,70.2,70.55,552089.0
2005-09-12,71.3,71.5,70.15,70.65,405256.0
2005-09-13,70.9,71.25,70.0,70.25,295293.0
2005-09-14,71.85,71.85,70.25,70.75,793247.0
2005-09-15,71.1,73.6,70.75,73.15,1815683.0
2005-09-16,73.95,74.0,73.0,73.55,667507.0
2005-09-19,74.0,74.9,73.0,73.75,456510.0
2005-09-20,73.9,73.9,71.5,71.9,704100.0
2005-09-21,71.9,72.0,68.3,70.5,557545.0
2005-09-22,70.9,71.3,66.8,67.95,1434662.0
2005-09-23,67.9,70.0,65.0,69.45,710114.0
2005-09-26,70.9,73.3,70.0,73.0,1354656.0
2005-09-27,73.45,74.0,72.2,73.6,950234.0
2005-09-28,73.9,74.35,73.05,73.95,601938.0
2005-09-29,74.0,77.2,74.0,76.05,1607004.0
2005-09-30,76.05,77.8,74.9,76.75,1780113.0
2005-10-03,77.0,78.85,76.8,78.55,1041809.0
2005-10-04,79.0,79.4,76.05,76.25,1249973.0
2005-10-05,76.5,78.0,75.25,76.9,1503789.0
2005-10-06,77.0,77.3,75.0,76.25,891693.0
2005-10-07,75.8,76.35,74.15,75.9,500319.0
2005-10-10,76.4,76.4,74.05,74.25,457480.0
2005-10-11,75.5,75.5,71.1,73.0,867865.0
2005-10-13,73.5,74.9,72.0,72.35,1629721.0
2005-10-14,72.35,73.0,66.8,67.45,2322951.0
2005-10-17,68.15,68.85,66.6,68.05,1458272.0
2005-10-18,69.0,69.15,66.0,66.3,1439352.0
2005-10-19,66.5,67.0,62.65,65.95,2556373.0
2005-10-20,67.0,67.9,65.15,66.8,733123.0
2005-10-21,67.0,69.5,66.2,68.7,1384143.0
2005-10-24,69.45,72.1,69.0,70.0,1874073.0
2005-10-25,70.5,71.4,69.3,69.8,1250872.0
2005-10-26,70.0,71.0,69.1,69.85,879407.0
2005-10-27,70.25,70.4,66.05,67.1,715132.0
2005-10-28,66.8,68.0,66.1,67.7,832759.0
2005-10-31,67.7,70.7,67.05,69.45,1060479.0
2005-11-02,70.0,73.65,69.75,73.1,1599578.0
2005-11-07,73.55,74.0,72.3,73.0,1771998.0
2005-11-08,73.5,75.0,72.7,73.6,2282946.0
2005-11-09,74.0,74.9,72.1,73.75,1921331.0
2005-11-10,74.0,74.3,72.5,73.1,1784696.0
2005-11-11,73.8,75.25,73.6,74.8,1628669.0
2005-11-14,75.45,76.0,72.9,73.85,1278037.0
2005-11-16,74.35,75.4,73.9,75.0,1874576.0
2005-11-17,75.75,75.75,73.75,74.9,969272.0
2005-11-18,75.6,79.4,74.9,78.95,3352390.0
2005-11-21,78.5,80.15,78.15,78.9,2229093.0
2005-11-22,79.0,80.0,77.85,78.35,1461728.0
2005-11-23,78.85,81.0,78.5,80.5,1658052.0
2005-11-24,81.0,81.8,80.25,81.3,1310965.0
2005-11-25,80.9,82.2,80.7,81.9,876391.0
2005-11-28,82.25,82.65,80.8,82.05,1060558.0
2005-11-29,82.0,82.85,80.55,82.55,1024495.0
2005-11-30,83.0,83.25,80.1,80.75,975844.0
2005-12-01,80.9,83.75,79.5,83.1,1182956.0
2005-12-02,82.5,84.5,82.5,83.65,1534114.0
2005-12-05,84.5,84.9,81.25,82.2,1485839.0
2005-12-06,82.2,82.45,80.1,80.5,667048.0
2005-12-07,81.1,82.0,80.6,81.3,464402.0
2005-12-08,81.5,82.7,80.1,82.35,985918.0
2005-12-09,83.0,83.1,81.55,82.0,468035.0
2005-12-12,82.65,82.65,81.25,82.0,746462.0
2005-12-13,81.5,84.2,81.25,83.75,1092835.0
2005-12-14,84.0,84.5,80.9,81.2,1099040.0
2005-12-15,81.95,82.0,79.4,79.85,447938.0
2005-12-16,81.95,81.95,79.1,80.0,580636.0
2005-12-19,80.25,82.3,80.25,81.65,80678398.0
2005-12-20,82.0,83.25,81.8,82.1,2034142.0
2005-12-21,83.1,83.35,81.1,81.55,690202.0
2005-12-22,82.0,82.75,81.35,82.0,22550400.0
2005-12-23,82.7,82.75,80.5,80.7,435217.0
2005-12-26,80.6,80.95,76.6,76.9,712829.0
2005-12-27,78.4,79.0,76.1,78.45,559218.0
2005-12-28,81.95,81.95,75.0,78.65,409976.0
2005-12-29,78.95,79.35,78.05,78.85,450100.0
2005-12-30,79.1,79.8,78.6,79.6,539246.0
2006-01-02,80.0,80.35,79.1,79.3,351412.0
2006-01-03,79.95,81.7,79.5,81.1,726900.0
2006-01-04,81.5,88.65,81.5,87.75,4163411.0
2006-01-05,88.55,90.9,87.1,87.7,5442382.0
2006-01-06,87.85,88.65,85.7,87.2,1042078.0
2006-01-09,80.5,88.3,80.5,86.2,760711.0
2006-01-10,86.2,88.8,86.0,87.7,2245824.0
2006-01-12,85.6,90.0,85.6,88.2,2276439.0
2006-01-13,88.9,91.0,88.55,88.9,2154102.0
2006-01-16,89.4,90.25,88.0,89.4,1275078.0
2006-01-17,90.0,90.5,87.2,88.05,1301189.0
2006-01-18,88.0,90.95,87.0,89.9,1013385.0
2006-01-19,91.0,91.8,90.4,90.7,1901463.0
2006-01-20,90.95,92.0,89.9,90.1,735933.0
2006-01-23,90.0,91.0,88.95,89.95,868677.0
2006-01-24,90.6,90.7,89.25,89.5,485341.0
2006-01-25,89.9,90.3,88.5,88.85,645323.0
2006-01-27,89.55,92.45,89.5,91.9,1342451.0
2006-01-30,97.0,97.95,90.0,90.45,12883360.0
2006-01-31,91.7,91.9,88.15,88.5,2108604.0
2006-02-01,89.25,90.0,85.05,85.45,1737160.0
2006-02-02,86.25,86.9,84.7,85.15,2057974.0
2006-02-03,85.85,85.95,84.3,84.6,1058023.0
2006-02-06,85.0,86.6,84.5,86.3,1242443.0
2006-02-07,86.9,88.25,86.55,88.05,1756961.0
2006-02-08,88.5,88.75,87.0,87.95,506910.0
2006-02-10,88.0,88.75,87.7,87.95,819600.0
2006-02-13,88.7,88.7,86.1,86.5,1113458.0
2006-02-14,86.9,87.4,85.5,86.0,1028018.0
2006-02-15,86.55,86.6,85.0,85.3,918730.0
2006-02-16,86.1,86.7,85.25,85.55,626014.0
2006-02-17,86.9,86.9,85.35,85.55,688167.0
2006-02-20,85.5,87.1,84.6,86.2,1393102.0
2006-02-21,86.9,87.1,85.85,86.9,1378797.0
2006-02-22,86.9,86.9,85.85,86.05,637651.0
2006-02-23,86.2,87.0,84.3,84.75,518726.0
2006-02-24,85.95,86.5,85.1,86.1,1016082.0
2006-02-27,86.85,89.1,86.3,88.5,1533393.0
2006-02-28,89.5,89.9,86.2,88.2,2198659.0
2006-03-01,87.9,91.4,87.6,90.75,3114611.0
2006-03-02,91.1,93.4,91.0,91.4,3627612.0
2006-03-03,91.95,92.0,90.0,91.0,813728.0
2006-03-06,91.25,91.8,90.5,91.0,677611.0
2006-03-07,91.5,93.65,90.0,93.25,1797481.0
2006-03-08,93.5,95.25,91.5,92.25,2189244.0
2006-03-09,92.5,98.6,91.8,98.05,4257336.0
2006-03-10,99.25,101.95,98.35,99.2,3998964.0
2006-03-13,100.15,101.0,97.05,97.8,1277124.0
2006-03-14,97.5,100.45,91.0,97.75,1268362.0
2006-03-16,105.0,105.0,98.75,99.2,859212.0
2006-03-17,99.55,99.8,97.1,97.8,968934.0
2006-03-20,98.05,99.85,98.0,98.75,682312.0
2006-03-21,99.4,99.75,96.5,96.9,517377.0
2006-03-22,97.2,97.9,95.1,95.75,1199437.0
2006-03-23,96.0,97.0,95.0,96.2,784099.0
2006-03-24,96.0,96.9,95.75,96.5,750099.0
2006-03-27,96.95,99.25,96.7,98.35,1349101.0
2006-03-28,99.0,100.85,98.05,99.3,2683505.0
2006-03-29,99.8,103.5,98.7,103.05,2161730.0
2006-03-30,104.0,105.0,102.0,102.5,1862185.0
2006-03-31,103.5,105.3,101.6,103.25,1600362.0
2006-04-03,103.25,106.9,103.25,106.3,2021057.0
2006-04-04,106.9,107.3,104.25,104.95,886588.0
2006-04-05,105.6,107.25,104.8,106.9,832225.0
2006-04-07,107.4,110.9,106.0,108.2,2688223.0
2006-04-10,109.4,112.85,108.2,112.45,1474108.0
2006-04-12,113.0,113.95,106.5,108.25,1627012.0
2006-04-13,107.0,111.0,100.75,108.75,2145245.0
2006-04-17,109.9,118.7,109.75,117.75,5217329.0
2006-04-18,120.8,121.9,114.3,115.8,3065845.0
2006-04-19,117.0,119.5,115.0,117.95,2441450.0
2006-04-20,119.1,119.3,116.1,117.4,1180118.0
2006-04-21,118.2,120.9,116.1,119.75,1707219.0
2006-04-24,120.0,121.9,118.5,119.5,783629.0
2006-04-25,120.25,120.9,116.9,117.2,715721.0
2006-04-26,117.75,119.5,116.15,118.4,1270035.0
2006-04-27,120.0,121.6,116.35,116.9,1152357.0
2006-04-28,114.35,117.8,107.0,116.45,1054579.0
2006-05-02,125.9,128.25,120.6,122.0,2720191.0
2006-05-03,119.8,127.95,118.2,125.95,4439238.0
2006-05-04,126.9,127.85,118.0,118.8,4150279.0
2006-05-05,120.9,121.6,115.3,117.7,7847689.0
2006-05-08,120.0,120.35,118.05,119.8,1168811.0
2006-05-09,120.9,121.9,119.5,120.2,1389065.0
2006-05-10,121.45,121.45,116.5,117.0,1780684.0
2006-05-11,118.75,118.9,113.6,114.6,2353207.0
2006-05-12,114.5,114.8,104.5,106.0,5280400.0
2006-05-15,104.0,108.6,98.55,100.9,6814670.0
2006-05-16,102.8,109.9,97.5,108.55,6414474.0
2006-05-17,110.0,112.5,107.3,108.95,2440428.0
2006-05-18,108.9,108.9,96.7,98.6,3194746.0
2006-05-19,100.25,103.75,92.6,94.85,4952011.0
2006-05-22,95.0,99.4,77.0,91.3,4001886.0
2006-05-23,91.3,97.45,90.0,95.95,2515250.0
2006-05-24,96.8,98.8,92.5,94.5,1819629.0
2006-05-25,94.5,98.25,88.25,95.9,1529201.0
2006-05-26,96.0,100.5,95.8,98.5,4160694.0
2006-05-29,100.0,101.25,96.35,97.85,1816239.0
2006-05-30,98.4,99.2,94.5,95.25,1097900.0
2006-05-31,93.7,94.8,88.5,92.9,2807813.0
2006-06-01,95.0,95.0,89.9,91.0,2341946.0
2006-06-02,91.45,94.15,90.0,93.2,2703648.0
2006-06-05,94.0,94.0,90.0,90.25,991674.0
2006-06-06,90.0,91.05,87.0,89.9,3238180.0
2006-06-07,89.4,91.3,86.2,88.3,2840792.0
2006-06-08,88.05,89.4,80.0,87.05,2929547.0
2006-06-09,87.0,92.9,87.0,91.6,2106487.0
2006-06-12,91.95,92.4,89.7,90.0,1493784.0
2006-06-13,90.1,90.8,85.25,86.45,3600079.0
2006-06-14,87.05,89.7,83.3,84.7,2093033.0
2006-06-15,86.85,92.1,86.0,91.5,1910830.0
2006-06-16,93.5,95.0,90.5,91.4,1705609.0
2006-06-19,91.0,92.5,88.85,92.05,3404824.0
2006-06-20,91.8,91.8,89.25,90.35,1608043.0
2006-06-21,90.9,93.5,89.65,92.85,2294968.0
2006-06-22,93.8,96.0,93.8,94.8,1799089.0
2006-06-23,94.0,96.9,92.15,96.15,1193298.0
2006-06-26,96.0,98.25,93.5,94.1,1490825.0
2006-06-27,94.5,95.45,92.2,94.2,750292.0
2006-06-28,93.05,94.55,92.5,93.45,475120.0
2006-06-29,94.0,96.0,93.25,94.0,767513.0
2006-06-30,95.8,100.0,95.5,99.5,2201689.0
2006-07-03,99.0,100.45,98.0,98.9,641802.0
2006-07-04,99.95,101.5,98.85,99.15,1213444.0
2006-07-05,99.25,102.8,98.15,102.55,1299599.0
2006-07-06,102.0,103.4,100.1,102.8,3898553.0
2006-07-07,103.85,104.55,99.15,100.15,3091131.0
2006-07-10,99.05,103.6,90.0,103.2,1347242.0
2006-07-11,104.0,106.15,102.2,105.7,1589953.0
2006-07-12,103.3,109.9,103.3,109.1,2692923.0
2006-07-13,108.9,110.35,107.8,108.75,1899377.0
2006-07-14,107.5,108.0,104.75,106.95,1781441.0
2006-07-17,106.5,108.4,103.2,104.2,2205088.0
2006-07-18,104.2,106.0,100.55,102.15,1715616.0
2006-07-19,103.5,104.9,98.4,99.55,2283853.0
2006-07-20,102.0,105.5,101.8,103.45,3581940.0
2006-07-21,103.55,104.0,99.1,99.6,1114229.0
2006-07-24,100.0,100.5,96.5,100.3,1306245.0
2006-07-25,103.0,104.2,100.65,103.7,1560563.0
2006-07-26,104.45,106.45,104.0,105.25,1482777.0
2006-07-27,105.55,106.0,103.15,104.35,1269165.0
2006-07-28,105.0,106.2,103.05,104.95,1227264.0
2006-07-31,106.05,107.5,104.0,104.7,1090256.0
2006-08-01,103.95,104.9,101.6,103.05,1489161.0
2006-08-02,103.95,106.0,102.9,105.75,1475484.0
2006-08-03,106.1,108.0,105.1,105.9,1886625.0
2006-08-04,106.0,107.15,105.0,105.9,1122938.0
2006-08-07,106.0,106.0,103.8,104.1,447888.0
2006-08-08,104.8,105.45,104.3,104.95,565361.0
2006-08-09,106.0,107.0,104.15,106.75,910137.0
2006-08-10,107.4,108.15,105.3,106.5,1554241.0
2006-08-11,108.0,108.0,105.5,106.25,892977.0
2006-08-14,106.95,108.5,106.55,108.1,900080.0
2006-08-16,108.5,109.75,108.05,108.55,931312.0
2006-08-17,108.95,109.4,107.05,108.15,775792.0
2006-08-18,108.85,110.6,107.5,110.1,1433375.0
2006-08-21,111.7,111.7,109.15,110.45,1368777.0
2006-08-22,111.0,112.0,109.0,109.7,714989.0
2006-08-23,109.1,110.75,108.6,110.0,2644616.0
2006-08-24,109.6,114.0,108.6,113.6,1249722.0
2006-08-25,114.5,115.45,113.6,113.9,720096.0
2006-08-28,114.45,115.9,113.5,115.65,486905.0
2006-08-29,116.4,117.0,114.5,114.75,341197.0
2006-08-30,115.6,115.6,113.5,114.6,359457.0
2006-08-31,115.0,115.45,111.6,112.35,531692.0
2006-09-01,113.45,114.2,112.5,113.4,256124.0
2006-09-04,114.85,115.0,114.0,114.25,382903.0
2006-09-05,115.0,116.1,113.7,115.65,616343.0
2006-09-06,116.3,117.0,115.6,116.65,728417.0
2006-09-07,116.5,117.0,115.0,115.45,302304.0
2006-09-08,115.8,116.4,114.25,115.15,222787.0
2006-09-11,116.45,116.45,109.0,110.1,358745.0
2006-09-12,110.1,112.05,107.5,111.65,776118.0
2006-09-13,112.5,113.85,112.3,113.05,346833.0
2006-09-14,114.0,115.35,114.0,115.05,642054.0
2006-09-15,115.4,116.0,114.0,115.25,611327.0
2006-09-18,115.75,116.8,115.6,116.05,482822.0
2006-09-19,116.05,116.7,112.6,113.35,449831.0
2006-09-20,114.0,114.25,112.0,113.75,303267.0
2006-09-21,114.5,116.2,113.85,115.95,1342743.0
2006-09-22,117.25,118.1,115.5,117.45,965174.0
2006-09-25,118.05,118.6,115.75,117.1,1410194.0
2006-09-26,117.3,117.75,116.1,117.15,508691.0
2006-09-27,118.1,118.1,116.7,117.15,451946.0
2006-09-28,117.5,117.7,115.0,115.35,515080.0
2006-09-29,116.25,118.0,115.7,116.85,449644.0
2006-10-03,117.55,118.0,116.5,117.0,313001.0
2006-10-04,117.8,117.95,116.2,116.95,463046.0
2006-10-05,118.0,121.1,117.4,120.7,1818375.0
2006-10-06,121.2,123.6,120.5,121.95,1213404.0
2006-10-09,122.0,124.45,120.0,123.75,1478984.0
2006-10-10,124.0,125.2,122.5,123.15,975103.0
2006-10-11,124.0,124.75,119.0,119.9,794342.0
2006-10-12,120.0,121.8,119.0,121.45,311060.0
2006-10-13,122.9,123.0,121.0,122.15,603601.0
2006-10-16,125.0,125.0,120.95,121.3,484206.0
2006-10-17,121.8,121.8,119.35,119.95,364243.0
2006-10-18,121.0,121.0,119.1,119.7,348249.0
2006-10-19,120.0,121.2,119.3,120.65,253748.0
2006-10-20,121.9,122.95,119.5,121.45,1130027.0
2006-10-23,123.5,123.5,120.5,120.8,561316.0
2006-10-26,121.5,121.55,119.6,120.1,334324.0
2006-10-27,120.95,121.45,120.1,120.6,675006.0
2006-10-30,120.9,121.15,119.55,119.7,362339.0
2006-10-31,120.25,120.7,116.1,117.25,453845.0
2006-11-01,117.5,120.4,117.0,119.4,549939.0
2006-11-02,119.5,120.6,118.1,119.3,637579.0
2006-11-03,119.5,123.6,118.5,123.2,808091.0
2006-11-06,123.6,128.75,123.6,128.15,1655151.0
2006-11-07,128.5,131.7,126.75,130.8,2075512.0
2006-11-08,131.0,133.9,130.0,131.2,1993515.0
2006-11-09,131.9,133.45,130.65,131.05,674669.0
2006-11-10,131.5,134.95,130.0,134.5,1399329.0
2006-11-13,135.0,139.9,134.0,136.9,1269484.0
2006-11-14,138.0,138.2,134.5,135.25,853136.0
2006-11-15,136.45,138.65,132.3,137.25,656801.0
2006-11-16,138.5,141.5,136.5,138.9,51665793.0
2006-11-17,139.9,139.9,135.4,136.05,503856.0
2006-11-20,136.15,136.15,131.4,133.7,634946.0
2006-11-21,131.5,137.45,131.5,137.05,445086.0
2006-11-22,137.9,140.0,137.05,137.9,1035057.0
2006-11-23,138.95,139.2,136.7,137.45,551127.0
2006-11-24,136.8,139.35,135.75,138.4,536382.0
2006-11-27,139.0,143.8,138.1,143.15,816937.0
2006-11-28,143.2,144.2,140.0,143.2,574700.0
2006-11-29,144.0,147.25,142.6,146.15,2190612.0
2006-11-30,147.65,148.0,143.05,144.15,317288.0
2006-12-01,145.0,145.2,142.75,143.3,1115651.0
2006-12-04,139.0,145.4,139.0,144.4,625602.0
2006-12-05,145.55,147.45,140.1,141.65,1309177.0
2006-12-06,144.0,144.0,138.5,140.0,1107479.0
2006-12-07,141.4,142.0,139.5,140.85,237252.0
2006-12-08,141.5,142.55,139.6,141.0,437749.0
2006-12-11,141.0,141.25,134.0,137.35,841162.0
2006-12-12,137.2,138.5,126.0,130.35,1626792.0
2006-12-13,130.3,136.5,130.2,134.15,1315394.0
2006-12-14,136.35,140.9,134.5,138.55,592946.0
2006-12-15,139.95,141.9,137.5,140.05,1144446.0
2006-12-18,141.0,142.9,135.15,139.55,335491.0
2006-12-19,140.5,140.5,134.3,135.15,759786.0
2006-12-20,136.0,137.9,132.0,134.2,888895.0
2006-12-21,133.0,134.95,132.0,132.8,352863.0
2006-12-22,134.0,137.9,132.85,136.9,1100800.0
2006-12-26,137.85,140.1,136.3,139.35,531267.0
2006-12-27,138.25,142.9,138.25,141.85,609574.0
2006-12-28,141.5,144.9,141.5,143.55,540292.0
2006-12-29,143.7,144.8,141.0,141.3,301412.0
2007-01-02,144.8,145.0,141.0,144.2,382066.0
2007-01-03,144.75,147.3,144.1,144.95,376378.0
2007-01-04,145.0,145.1,142.25,142.7,451404.0
2007-01-05,143.3,143.5,137.7,138.25,280925.0
2007-01-08,138.5,139.4,136.2,136.65,298085.0
2007-01-09,137.55,141.0,136.65,139.55,23075471.0
2007-01-10,140.0,141.4,136.1,137.1,222155.0
2007-01-11,136.0,141.3,136.0,139.35,1037512.0
2007-01-12,141.0,142.0,140.2,141.0,1241789.0
2007-01-15,143.0,145.1,141.25,143.6,1592943.0
2007-01-16,144.0,146.6,142.7,143.95,549872.0
2007-01-17,144.15,146.0,143.05,144.1,395734.0
2007-01-18,144.0,146.6,144.0,145.25,621859.0
2007-01-19,146.7,149.6,142.2,148.4,723202.0
2007-01-22,150.0,150.0,146.0,146.75,535125.0
2007-01-23,145.9,146.25,135.1,136.9,3922670.0
2007-01-24,137.8,141.1,135.0,137.75,2222945.0
2007-01-25,138.4,139.9,136.8,138.05,908893.0
2007-01-29,138.75,138.75,134.05,134.6,902501.0
2007-01-31,136.0,138.35,133.15,137.15,1259605.0
2007-02-01,138.0,140.95,136.0,139.35,457779.0
2007-02-02,140.0,143.5,140.0,142.8,2317061.0
2007-02-05,143.5,144.0,141.5,143.15,350742.0
2007-02-06,143.0,145.0,141.1,142.6,698472.0
2007-02-07,143.6,144.0,140.5,141.2,199482.0
2007-02-08,142.5,142.65,141.2,141.55,272323.0
2007-02-09,142.0,142.5,135.15,138.8,472076.0
2007-02-12,139.0,139.45,130.5,132.15,1889451.0
2007-02-13,132.0,134.4,127.0,130.5,4812453.0
2007-02-14,131.05,133.75,127.0,131.15,4075316.0
2007-02-15,133.9,137.0,133.3,136.5,798983.0
2007-02-19,138.0,138.9,131.8,132.45,1000652.0
2007-02-20,132.5,134.9,129.5,130.05,604393.0
2007-02-21,130.05,132.2,128.35,131.15,894644.0
2007-02-22,131.55,132.45,125.0,126.75,1324933.0
2007-02-23,128.0,128.3,119.3,122.85,1528371.0
2007-02-26,125.0,129.0,123.0,127.55,1579820.0
2007-02-27,128.95,129.75,124.0,125.7,1325545.0
2007-02-28,122.0,123.9,107.0,115.95,4504612.0
2007-03-01,117.0,118.95,105.5,111.75,5772518.0
2007-03-02,113.4,115.75,108.55,109.6,2634033.0
2007-03-05,111.0,113.3,105.0,111.85,4132144.0
2007-03-06,113.5,116.0,109.15,113.8,2002722.0
2007-03-07,115.0,115.4,100.0,104.15,3280683.0
2007-03-08,105.65,113.25,104.2,112.9,4826242.0
2007-03-09,115.0,118.0,106.8,109.95,7502885.0
2007-03-12,112.0,112.75,104.1,105.2,1869521.0
2007-03-13,105.1,109.8,102.5,105.95,2595828.0
2007-03-14,102.9,107.85,99.8,106.15,2767305.0
2007-03-15,108.2,109.3,105.3,106.0,1092033.0
2007-03-16,108.0,108.0,102.3,103.65,1051513.0
2007-03-19,104.25,107.9,101.3,107.3,911875.0
2007-03-20,108.3,112.25,108.0,110.9,1355571.0
2007-03-21,111.0,112.0,105.2,106.45,2017239.0
2007-03-22,107.5,109.25,104.2,107.9,2827371.0
2007-03-23,108.25,110.55,104.5,105.45,2406828.0
2007-03-26,106.5,106.9,103.8,104.4,867507.0
2007-03-28,104.0,104.8,102.0,102.25,1863545.0
2007-03-29,103.0,105.5,101.3,104.6,1811381.0
2007-03-30,105.95,107.8,104.3,106.7,838084.0
2007-04-02,103.1,105.9,102.0,103.8,1403542.0
2007-04-03,104.2,107.0,103.1,105.4,878792.0
2007-04-04,102.25,106.35,100.25,104.95,3583143.0
2007-04-05,104.95,108.0,104.0,105.9,2131440.0
2007-04-09,106.95,109.2,106.1,108.5,1379332.0
2007-04-10,109.85,122.5,108.5,109.3,1120889.0
2007-04-11,110.0,110.0,106.8,107.85,1293249.0
2007-04-12,105.4,108.0,105.4,107.05,511767.0
2007-04-13,108.0,109.6,107.0,108.55,1195048.0
2007-04-16,109.75,112.7,109.5,112.25,1956840.0
2007-04-17,112.8,115.3,112.5,113.75,1856665.0
2007-04-18,114.8,116.0,112.55,112.95,397062.0
2007-04-19,112.0,115.2,111.1,113.45,1718790.0
2007-04-20,114.6,116.75,114.6,115.45,2013947.0
2007-04-23,116.6,116.9,112.6,115.05,30367320.0
2007-04-24,115.5,119.9,114.0,119.35,2333517.0
2007-04-25,118.95,120.95,118.0,120.55,1035083.0
2007-04-26,121.0,121.9,118.0,119.15,856906.0
2007-04-27,119.0,119.65,117.0,117.5,385521.0
2007-04-30,117.0,118.65,116.0,117.95,161662.0
2007-05-03,119.95,122.5,118.0,121.65,1821134.0
2007-05-04,123.0,125.4,119.25,120.35,1548687.0
2007-05-07,121.1,122.05,118.85,120.05,1849315.0
2007-05-08,120.0,122.15,119.2,120.05,1286259.0
2007-05-09,120.0,121.25,119.0,120.95,620241.0
2007-05-10,121.8,122.45,120.5,121.0,1041970.0
2007-05-11,119.0,121.55,118.5,119.25,1182674.0
2007-05-14,120.0,124.5,120.0,123.65,645194.0
2007-05-15,124.4,124.8,122.25,123.5,2763836.0
2007-05-16,123.5,124.0,121.5,122.95,6160335.0
2007-05-17,123.5,125.0,122.5,123.35,926814.0
2007-05-18,123.5,124.4,118.5,119.15,2013165.0
2007-05-21,122.0,122.0,117.7,118.95,4916031.0
2007-05-22,119.8,119.8,115.75,116.3,2986873.0
2007-05-23,117.5,118.25,114.0,114.55,3019328.0
2007-05-24,112.95,116.0,111.0,115.0,386002.0
2007-05-25,114.1,114.9,112.45,113.8,1090385.0
2007-05-28,114.0,116.9,114.0,116.0,952018.0
2007-05-29,114.0,116.0,114.0,114.8,744278.0
2007-05-30,114.0,115.75,113.5,115.15,435255.0
2007-05-31,115.9,116.4,112.2,113.15,873287.0
2007-06-01,114.0,115.5,114.0,114.6,516071.0
2007-06-04,115.7,116.0,113.05,113.9,528948.0
2007-06-05,114.25,114.25,111.6,112.75,698306.0
2007-06-06,112.1,113.3,110.2,110.85,985631.0
2007-06-07,110.0,114.2,109.15,109.6,405096.0
2007-06-08,107.95,111.0,107.05,109.4,1184036.0
2007-06-11,110.9,110.9,108.2,109.2,609475.0
2007-06-12,111.0,111.8,109.1,110.05,942371.0
2007-06-13,110.9,111.0,108.6,109.1,343188.0
2007-06-14,110.5,111.75,109.3,110.95,575099.0
2007-06-15,111.1,112.9,109.5,110.0,717368.0
2007-06-18,109.0,111.0,108.65,109.95,206317.0
2007-06-19,110.0,113.6,109.6,113.0,321064.0
2007-06-20,114.0,118.5,114.0,118.2,1837725.0
2007-06-21,119.5,120.0,116.0,119.4,1022785.0
2007-06-22,119.5,119.75,115.9,116.25,356908.0
2007-06-25,116.5,117.85,115.8,117.25,579263.0
2007-06-26,117.0,117.9,115.6,116.1,318738.0
2007-06-27,116.2,118.0,115.25,116.45,559025.0
2007-06-28,119.1,126.0,119.0,125.1,1963796.0
2007-06-29,126.0,127.4,123.5,124.55,816928.0
2007-07-02,125.0,125.4,122.1,122.45,558788.0
2007-07-03,123.55,125.35,121.05,124.4,320662.0
2007-07-04,124.3,130.95,124.3,129.95,1709139.0
2007-07-05,130.0,131.0,125.6,129.1,842977.0
2007-07-06,129.0,132.8,128.2,131.25,1394595.0
2007-07-09,131.0,132.5,130.85,132.0,2750963.0
2007-07-10,133.0,133.0,129.0,130.2,661711.0
2007-07-11,130.0,133.0,127.4,127.8,944456.0
2007-07-12,128.6,130.0,125.6,126.3,1109745.0
2007-07-13,128.55,132.55,127.75,128.9,1092811.0
2007-07-16,130.0,134.5,129.5,133.3,1705622.0
2007-07-17,134.0,139.35,133.85,137.45,1988203.0
2007-07-18,137.45,140.5,134.65,138.8,1366117.0
2007-07-19,138.8,139.5,135.9,138.8,681482.0
2007-07-20,139.8,140.5,135.05,135.9,795712.0
2007-07-23,134.8,137.0,132.55,135.2,631517.0
2007-07-24,136.0,136.95,133.55,134.4,583972.0
2007-07-25,132.5,132.5,125.0,128.35,1167594.0
2007-07-26,128.5,129.5,124.0,124.7,503394.0
2007-07-27,125.05,128.4,118.0,125.05,2430294.0
2007-07-30,125.8,132.85,125.5,129.3,1607831.0
2007-07-31,130.0,132.4,128.75,131.5,958833.0
2007-08-01,130.0,130.9,125.25,128.9,1570078.0
2007-08-02,128.0,135.8,128.0,130.3,1229541.0
2007-08-03,130.25,131.9,128.15,129.05,1032667.0
2007-08-06,127.4,127.4,124.5,126.35,1482650.0
2007-08-07,128.0,130.9,126.6,127.15,548716.0
2007-08-08,129.7,130.0,128.2,129.65,528369.0
2007-08-09,131.8,131.8,125.7,127.6,1444234.0
2007-08-10,122.2,128.85,122.0,126.6,916821.0
2007-08-13,129.0,132.65,128.7,129.95,657940.0
2007-08-14,130.9,131.4,128.5,129.85,825469.0
2007-08-16,125.05,130.05,124.25,126.9,1639326.0
2007-08-17,126.0,129.7,123.3,126.7,1954638.0
2007-08-20,130.0,131.3,126.8,127.9,1238488.0
2007-08-21,129.8,129.8,126.15,126.75,2031231.0
2007-08-22,126.5,132.0,126.5,130.5,2956470.0
2007-08-23,140.0,141.0,131.5,132.75,4467575.0
2007-08-24,134.75,136.35,131.6,135.4,1573250.0
2007-08-27,136.45,138.0,132.9,133.2,1270624.0
2007-08-28,133.7,134.9,132.1,134.05,2011801.0
2007-08-29,134.1,135.0,132.0,133.5,1759287.0
2007-08-30,125.9,135.0,125.9,133.45,948837.0
2007-08-31,133.6,134.35,133.0,133.45,237389.0
2007-09-03,134.0,134.95,132.5,134.15,506290.0
2007-09-04,135.0,137.5,133.5,136.1,679235.0
2007-09-05,137.9,138.95,136.0,137.85,914243.0
2007-09-06,137.1,141.5,136.25,141.0,1118728.0
2007-09-07,141.0,141.85,139.15,140.05,862212.0
2007-09-10,139.0,145.3,139.0,144.6,1398077.0
2007-09-11,144.5,146.6,141.5,143.0,674759.0
2007-09-12,144.5,145.0,141.4,141.8,763632.0
2007-09-13,143.5,145.0,142.0,144.35,304458.0
2007-09-14,145.0,145.6,141.8,144.45,1115045.0
2007-09-17,145.0,147.0,144.4,145.2,561465.0
2007-09-18,145.0,146.9,144.15,146.5,235978.0
2007-09-19,147.0,148.5,145.65,147.6,1135597.0
2007-09-20,147.0,147.8,144.75,146.15,913027.0
2007-09-21,147.9,154.0,144.05,147.2,70532383.0
2007-09-24,148.1,149.8,143.35,148.2,868965.0
2007-09-25,147.0,148.0,145.5,147.1,622382.0
2007-09-26,147.5,149.0,146.55,147.65,559266.0
2007-09-27,146.3,148.7,143.5,145.15,743228.0
2007-09-28,146.0,146.7,143.0,143.8,915131.0
2007-10-01,145.0,148.75,144.0,147.35,502632.0
2007-10-03,149.45,149.45,144.55,144.95,733699.0
2007-10-04,143.1,148.5,141.05,147.3,539418.0
2007-10-05,147.45,149.3,145.1,147.35,1094548.0
2007-10-08,147.0,148.35,142.8,145.1,378579.0
2007-10-09,144.0,149.0,143.0,148.2,511007.0
2007-10-10,149.0,154.0,147.0,151.4,1058521.0
2007-10-11,152.0,154.0,151.1,152.35,1295655.0
2007-10-12,154.0,154.0,148.4,149.6,872311.0
2007-10-15,150.0,152.2,149.0,151.45,436051.0
2007-10-16,152.0,153.2,150.55,152.8,515345.0
2007-10-17,145.0,150.35,143.0,148.75,794428.0
2007-10-18,149.0,150.0,144.0,145.2,347140.0
2007-10-19,145.0,145.0,138.65,139.6,2195999.0
2007-10-22,147.0,149.75,132.0,145.35,54470391.0
2007-10-23,148.0,149.4,144.05,144.55,232700.0
2007-10-24,147.0,147.0,142.6,144.1,223677.0
2007-10-25,145.0,146.8,142.8,145.85,185368.0
2007-10-26,146.85,147.0,143.1,144.1,1688182.0
2007-10-29,145.0,147.5,143.55,144.15,979161.0
2007-10-30,141.1,147.0,141.1,144.35,310440.0
2007-10-31,143.6,145.2,143.5,144.65,256416.0
2007-11-01,145.85,146.0,142.0,143.8,272681.0
2007-11-02,141.0,145.1,141.0,144.7,354099.0
2007-11-05,145.0,145.0,143.0,144.4,205243.0
2007-11-06,144.0,145.45,143.3,144.05,381817.0
2007-11-07,145.5,149.0,144.5,145.4,339954.0
2007-11-08,143.0,147.25,142.0,146.0,155802.0
2007-11-12,143.95,147.75,143.35,147.1,144705.0
2007-11-13,147.5,148.35,145.3,146.0,267451.0
2007-11-14,148.0,149.35,145.7,146.4,171143.0
2007-11-15,145.15,147.7,145.15,146.85,120778.0
2007-11-16,146.0,149.0,145.5,147.15,355946.0
2007-11-19,150.0,150.0,147.2,147.6,150109.0
2007-11-20,148.0,150.8,147.5,148.25,410537.0
2007-11-21,149.0,149.0,146.15,147.35,388955.0
2007-11-22,147.0,148.5,146.6,147.8,309984.0
2007-11-23,148.0,152.15,147.1,147.95,249985.0
2007-11-26,149.0,149.05,147.6,148.3,341094.0
2007-11-27,147.5,149.45,147.5,149.1,223547.0
2007-11-28,149.1,151.5,149.1,150.65,427067.0
2007-11-29,151.05,151.9,150.2,151.3,833820.0
2007-11-30,152.1,152.4,149.0,150.0,336712.0
2007-12-03,152.4,152.8,150.4,152.05,229571.0
2007-12-04,152.5,160.9,150.0,153.9,828275.0
2007-12-05,154.0,154.9,153.0,153.75,383106.0
2007-12-06,155.0,157.0,152.5,153.9,302362.0
2007-12-07,154.0,154.0,149.0,152.35,109300.0
2007-12-10,152.0,153.45,150.1,150.9,76448.0
2007-12-11,153.0,154.0,150.0,150.5,108169.0
2007-12-12,149.15,150.9,149.0,150.0,86473.0
2007-12-13,151.0,151.75,145.25,147.15,272893.0
2007-12-14,147.5,152.0,144.55,149.45,513615.0
2007-12-17,149.5,151.75,145.05,145.4,206485.0
2007-12-18,145.6,147.4,144.25,144.6,132641.0
2007-12-19,146.3,147.25,144.25,144.65,124563.0
2007-12-20,145.0,148.4,144.0,144.3,324751.0
2007-12-24,146.95,147.7,144.1,144.6,143578.0
2007-12-26,146.0,147.95,144.3,145.75,134375.0
2007-12-27,146.85,147.25,144.7,145.2,120948.0
2007-12-28,145.0,150.0,145.0,149.2,307337.0
2007-12-31,150.0,152.0,146.0,146.9,244679.0
2008-01-01,148.45,148.45,148.45,148.45,107920.0
2008-01-02,149.8,149.85,145.25,148.45,186009.0
2008-01-03,149.8,149.8,144.5,145.75,189426.0
2008-01-04,147.65,147.65,143.3,143.7,771673.0
2008-01-07,145.4,145.4,141.4,142.75,459078.0
2008-01-08,142.0,144.0,141.3,141.65,480954.0
2008-01-09,140.0,143.5,140.0,141.9,1685719.0
2008-01-10,142.9,143.5,141.0,141.8,378239.0
2008-01-11,142.0,142.0,137.25,138.95,2626980.0
2008-01-14,139.0,139.0,135.1,138.0,356843.0
2008-01-15,138.3,138.3,135.15,136.9,235992.0
2008-01-16,136.0,138.2,135.25,136.1,151145.0
2008-01-17,136.0,136.0,130.1,130.8,240688.0
2008-01-18,132.95,133.0,129.05,131.95,359223.0
2008-01-21,132.05,132.05,109.0,127.15,429840.0
2008-01-22,115.55,125.0,110.0,116.25,634407.0
2008-01-23,123.0,127.0,110.1,119.0,373174.0
2008-01-24,120.0,121.0,115.0,116.9,786758.0
2008-01-25,119.9,120.8,115.55,117.1,366718.0
2008-01-28,118.0,118.0,110.0,115.05,89414.0
2008-01-29,117.05,118.1,115.0,117.4,1381364.0
2008-01-30,117.9,119.8,116.65,118.3,514892.0
2008-01-31,117.1,122.3,115.0,119.6,171579.0
2008-02-01,120.1,120.9,115.3,118.65,112622.0
2008-02-04,120.0,125.0,120.0,122.85,188460.0
2008-02-05,122.5,124.8,121.5,122.35,86446.0
2008-02-06,114.0,121.5,114.0,120.65,144790.0
2008-02-07,120.0,123.4,116.1,117.35,226120.0
2008-02-08,119.8,119.8,114.1,116.35,160331.0
2008-02-11,116.0,116.25,114.0,115.15,193613.0
2008-02-12,116.85,116.9,111.1,113.15,108637.0
2008-02-13,114.45,116.75,113.5,116.15,188558.0
2008-02-14,117.4,118.65,114.55,116.2,124163.0
2008-02-15,115.0,116.5,114.4,115.85,275472.0
2008-02-18,117.8,117.8,114.15,115.05,98928.0
2008-02-19,115.95,116.9,115.4,115.95,640260.0
2008-02-20,116.8,116.8,113.8,116.0,927464.0
2008-02-21,117.0,120.4,116.25,119.8,223772.0
2008-02-22,118.0,120.0,117.0,117.35,97703.0
2008-02-25,118.8,123.7,117.0,122.55,159769.0
2008-02-26,124.0,125.9,121.55,123.35,629848.0
2008-02-27,124.0,125.0,121.5,122.9,370959.0
2008-02-28,122.55,123.5,119.45,121.1,353109.0
2008-02-29,120.0,122.5,115.5,120.95,1084230.0
2008-03-03,116.05,122.3,116.05,118.8,333995.0
2008-03-04,118.2,121.0,118.2,119.95,328373.0
2008-03-05,121.0,123.55,117.8,120.6,267174.0
2008-03-07,118.0,120.8,115.3,119.0,250973.0
2008-03-10,116.05,121.0,116.05,120.45,156176.0
2008-03-11,121.7,125.0,120.5,124.55,143826.0
2008-03-12,125.0,128.5,123.0,123.85,169969.0
2008-03-13,121.1,122.3,119.0,120.85,226280.0
2008-03-14,120.0,120.6,117.65,120.0,196745.0
2008-03-17,115.1,119.5,114.9,117.85,251402.0
2008-03-18,117.1,120.5,117.1,119.15,433809.0
2008-03-19,121.0,123.0,118.15,121.85,372704.0
2008-03-24,124.0,124.85,121.65,124.05,313250.0
2008-03-25,126.0,127.5,123.15,124.55,140895.0
2008-03-26,126.1,126.1,121.35,122.15,205376.0
2008-03-27,122.0,124.8,121.0,122.7,99452.0
2008-03-28,123.5,125.0,122.15,123.65,71426.0
2008-03-31,122.8,123.85,119.5,121.05,181039.0
2008-04-01,121.0,123.0,119.6,120.8,60532.0
2008-04-02,124.0,124.6,120.0,120.7,68748.0
2008-04-03,121.0,122.1,120.0,121.7,107208.0
2008-04-04,121.75,122.45,117.4,119.1,87213.0
2008-04-07,118.0,120.9,115.5,118.1,301140.0
2008-04-08,116.0,119.0,116.0,118.05,360209.0
2008-04-09,117.3,120.95,117.0,120.2,154893.0
2008-04-10,120.2,122.5,120.2,122.0,105005.0
2008-04-11,123.9,123.9,116.3,117.6,229737.0
2008-04-15,119.0,119.0,115.0,116.55,146256.0
2008-04-16,116.55,117.95,112.0,112.35,790072.0
2008-04-17,114.8,114.8,112.55,113.1,168758.0
2008-04-21,114.0,114.7,113.0,113.5,177937.0
2008-04-22,114.0,115.85,113.1,114.8,204942.0
2008-04-23,115.0,116.1,114.2,115.0,244872.0
2008-04-24,116.0,116.9,114.35,115.2,271197.0
2008-04-25,114.05,115.7,113.05,114.8,241173.0
2008-04-28,117.0,117.0,113.0,113.35,112263.0
2008-04-29,112.5,115.25,112.5,114.85,184773.0
2008-04-30,115.0,115.25,113.1,113.9,220988.0
2008-05-02,113.0,114.95,112.4,112.9,130802.0
2008-05-05,113.7,113.85,110.4,111.15,207336.0
2008-05-06,111.2,112.0,110.3,111.4,126953.0
2008-05-07,111.3,111.55,109.6,111.15,89166.0
2008-05-08,110.5,112.5,110.05,111.4,107677.0
2008-05-09,109.9,110.85,109.0,109.55,116200.0
2008-05-12,109.55,113.0,108.25,110.85,214531.0
2008-05-13,111.3,112.75,109.55,111.55,225504.0
2008-05-14,111.3,111.9,109.1,109.4,190957.0
2008-05-15,109.3,112.6,109.2,112.1,206934.0
2008-05-16,112.5,112.5,110.1,110.9,111037.0
2008-05-20,110.0,112.0,108.0,108.85,149863.0
2008-05-21,108.0,108.65,106.35,107.1,184587.0
2008-05-22,108.25,108.25,102.9,104.3,250613.0
2008-05-23,105.5,105.9,101.6,102.15,152071.0
2008-05-26,102.0,102.0,95.0,96.65,273972.0
2008-05-27,98.0,100.0,96.05,97.6,304843.0
2008-05-28,98.3,104.95,98.3,104.1,998615.0
2008-05-29,105.0,106.0,95.95,97.8,436301.0
2008-05-30,100.0,101.0,94.75,95.2,557624.0
2008-06-02,95.55,97.0,91.55,92.25,387164.0
2008-06-03,92.25,93.95,89.1,92.55,520341.0
2008-06-04,93.0,93.0,87.0,87.5,523581.0
2008-06-05,87.65,88.0,84.1,85.85,459873.0
2008-06-06,87.3,87.3,85.0,85.45,428503.0
2008-06-09,84.7,84.7,79.85,81.95,865785.0
2008-06-10,81.9,82.75,80.3,82.3,2475156.0
2008-06-11,84.0,89.4,83.6,88.2,2229706.0
2008-06-12,87.25,87.9,84.1,85.9,695960.0
2008-06-13,86.25,87.65,84.7,85.0,856508.0
2008-06-16,86.4,86.9,84.75,85.0,897147.0
2008-06-17,85.0,88.7,84.5,86.5,437974.0
2008-06-18,88.0,93.2,88.0,90.65,1133961.0
2008-06-19,88.95,92.0,88.5,89.2,445494.0
2008-06-20,89.0,91.0,84.05,85.0,440512.0
2008-06-23,85.0,85.4,82.8,83.8,308520.0
2008-06-24,83.85,84.75,80.15,80.85,184062.0
2008-06-25,79.5,83.8,78.6,82.55,277724.0
2008-06-26,83.45,88.5,81.8,87.5,462747.0
2008-06-27,84.15,84.5,80.0,81.25,1371691.0
2008-06-30,81.5,82.45,73.5,75.7,642005.0
2008-07-01,75.7,76.95,70.9,72.85,350706.0
2008-07-02,73.45,78.0,71.5,75.6,725337.0
2008-07-03,74.75,74.75,68.7,71.9,839703.0
2008-07-04,71.9,75.65,71.1,74.7,337163.0
2008-07-07,76.0,77.0,73.2,73.9,705612.0
2008-07-08,73.0,75.5,70.55,74.5,247169.0
2008-07-09,75.5,77.5,75.5,77.1,268323.0
2008-07-10,77.0,80.05,76.0,79.0,1628305.0
2008-07-11,80.0,81.4,79.05,80.5,401597.0
2008-07-14,80.4,83.4,79.95,82.5,741948.0
2008-07-15,80.25,81.85,79.05,80.2,184055.0
2008-07-16,80.5,81.65,79.25,81.3,276042.0
2008-07-17,84.0,84.25,80.55,81.7,136723.0
2008-07-18,82.2,83.05,79.85,82.8,355769.0
2008-07-21,82.0,84.25,79.8,81.0,484074.0
2008-07-22,80.15,82.9,79.2,81.0,406117.0
2008-07-23,84.0,84.9,81.5,84.1,382557.0
2008-07-24,85.0,86.2,82.5,83.1,300297.0
2008-07-25,82.0,85.0,80.0,82.1,820865.0
2008-07-28,82.0,83.5,81.35,81.8,174912.0
2008-07-29,81.0,81.8,79.0,79.55,88874.0
2008-07-30,80.15,83.7,79.0,82.05,207545.0
2008-07-31,81.5,84.1,80.5,81.2,149631.0
2008-08-01,80.0,83.65,79.55,82.8,176552.0
2008-08-04,82.0,84.2,81.1,82.95,189919.0
2008-08-05,84.0,88.0,82.95,87.4,446743.0
2008-08-06,89.5,90.85,87.9,88.3,378725.0
2008-08-07,89.5,91.7,87.5,90.15,368009.0
2008-08-08,89.95,90.35,85.8,87.0,479021.0
2008-08-11,88.5,90.0,87.3,88.3,221492.0
2008-08-12,89.45,89.45,87.35,88.0,263603.0
2008-08-13,88.0,88.2,86.45,87.5,213488.0
2008-08-14,86.6,87.15,84.35,84.7,265648.0
2008-08-18,84.7,85.9,79.4,80.15,256367.0
2008-08-19,81.0,82.0,79.5,79.8,330636.0
2008-08-20,81.0,81.85,80.6,81.35,175620.0
2008-08-21,81.9,81.9,79.0,79.15,395448.0
2008-08-22,78.2,80.4,77.25,80.0,246576.0
2008-08-25,81.0,82.0,79.55,80.45,323067.0
2008-08-26,80.9,81.5,78.5,81.05,98946.0
2008-08-27,81.85,82.0,79.6,79.9,93315.0
2008-08-28,80.0,81.6,78.25,79.25,234022.0
2008-08-29,79.25,81.0,79.2,80.2,92241.0
2008-09-01,81.0,81.0,78.6,80.2,115645.0
2008-09-02,80.95,82.25,80.1,81.5,247023.0
2008-09-04,81.7,84.0,80.1,82.0,410874.0
2008-09-05,81.0,83.2,80.0,81.45,131042.0
2008-09-08,84.0,88.0,82.75,83.8,211462.0
2008-09-09,83.0,84.0,82.35,83.35,99538.0
2008-09-10,83.5,84.15,82.1,83.6,126571.0
2008-09-11,82.55,83.0,81.3,81.5,76678.0
2008-09-12,82.0,83.9,78.9,79.75,164331.0
2008-09-15,78.35,80.2,75.6,78.65,238991.0
2008-09-16,77.0,79.75,75.1,77.6,174025.0
2008-09-17,77.6,79.8,76.4,78.6,286985.0
2008-09-18,75.1,81.6,75.1,80.6,260923.0
2008-09-19,81.9,85.8,81.9,84.85,404051.0
2008-09-22,85.0,86.0,83.05,84.55,149122.0
2008-09-23,83.5,84.9,82.5,83.1,97646.0
2008-09-24,83.25,85.25,83.2,84.4,127277.0
2008-09-25,84.5,86.7,83.0,84.75,327467.0
2008-09-26,90.0,90.0,81.05,82.7,209358.0
2008-09-29,81.0,82.5,77.0,77.85,144578.0
2008-09-30,76.25,81.0,75.0,78.4,736060.0
2008-10-01,79.0,80.5,76.5,78.8,248348.0
2008-10-03,78.8,78.85,76.85,78.0,831991.0
2008-10-06,76.4,77.5,71.3,72.75,1743459.0
2008-10-07,72.75,77.0,68.55,74.3,297298.0
2008-10-08,72.0,73.5,68.0,72.5,192893.0
2008-10-10,68.0,79.0,63.0,63.95,385735.0
2008-10-13,66.5,67.9,60.75,63.5,505818.0
2008-10-14,65.0,66.95,64.1,64.75,487501.0
2008-10-15,63.9,66.15,61.5,62.0,197625.0
2008-10-16,60.3,63.3,56.0,60.95,460388.0
2008-10-17,62.0,62.8,55.5,56.5,388223.0
2008-10-20,55.9,57.75,52.55,53.45,239258.0
2008-10-21,54.5,55.0,51.3,53.75,488258.0
2008-10-22,53.0,53.9,47.1,47.75,1472472.0
2008-10-23,46.0,49.65,44.0,48.1,574885.0
2008-10-24,47.1,48.0,43.0,44.9,767251.0
2008-10-27,44.0,50.7,43.3,49.15,489160.0
2008-10-29,55.0,59.4,54.05,57.55,1067730.0
2008-10-31,58.65,62.0,58.0,60.95,668580.0
2008-11-03,62.5,66.0,61.05,64.3,352872.0
2008-11-04,63.05,64.45,61.9,62.95,362428.0
2008-11-05,64.0,65.2,55.55,57.45,230034.0
2008-11-06,55.0,57.45,54.0,55.15,216444.0
2008-11-07,54.5,59.2,54.05,56.4,294599.0
2008-11-10,57.0,62.8,57.0,61.35,210842.0
2008-11-11,61.0,62.85,54.6,55.65,183876.0
2008-11-12,55.0,59.0,53.5,55.55,301935.0
2008-11-14,56.5,58.0,52.0,54.15,218026.0
2008-11-17,54.25,57.0,51.0,56.45,269650.0
2008-11-18,56.0,56.0,52.25,54.15,177420.0
2008-11-19,55.0,59.15,54.5,55.15,308227.0
2008-11-20,54.0,55.5,52.45,54.45,243567.0
2008-11-21,53.4,58.5,52.8,57.55,248241.0
2008-11-24,58.7,59.9,53.0,56.05,284806.0
2008-11-25,57.5,58.0,51.15,51.9,676386.0
2008-11-26,52.0,55.1,50.15,54.4,383942.0
2008-11-28,53.0,55.0,50.7,52.3,544108.0
2008-12-01,52.5,53.3,50.35,52.55,302083.0
2008-12-02,51.0,53.8,50.2,53.35,222642.0
2008-12-03,53.5,53.9,51.85,53.05,257542.0
2008-12-04,53.5,54.95,52.25,53.65,558626.0
2008-12-05,53.65,56.4,53.1,54.15,340164.0
2008-12-08,56.5,59.85,56.25,58.0,489145.0
2008-12-10,59.45,65.0,58.25,64.0,708676.0
2008-12-11,64.0,64.6,61.8,62.95,815670.0
2008-12-12,61.5,63.25,58.4,61.2,367926.0
2008-12-15,62.5,67.8,62.05,66.75,289224.0
2008-12-16,66.0,72.5,65.6,71.45,444075.0
2008-12-17,72.8,73.0,65.7,67.5,888899.0
2008-12-18,66.0,75.7,65.6,74.5,638211.0
2008-12-19,75.0,76.0,70.15,71.05,283384.0
2008-12-22,72.0,73.4,69.15,70.55,447316.0
2008-12-23,70.0,73.1,69.0,71.4,353744.0
2008-12-24,71.4,72.25,68.65,69.95,253132.0
2008-12-26,71.0,71.7,65.1,66.05,152434.0
2008-12-29,65.1,70.0,63.95,68.7,270094.0
2008-12-30,70.0,72.9,67.0,72.05,252795.0
2008-12-31,72.95,72.95,68.7,69.7,258205.0
2009-01-01,70.5,71.65,69.95,70.75,143163.0
2009-01-02,71.3,71.4,68.1,69.1,334403.0
2009-01-05,71.35,72.25,68.4,70.15,290299.0
2009-01-06,70.15,78.5,69.05,76.2,1120683.0
2009-01-07,78.0,79.2,71.05,72.2,770117.0
2009-01-09,72.0,74.4,68.5,71.95,273341.0
2009-01-12,72.0,73.0,67.05,69.35,409673.0
2009-01-13,69.0,71.35,68.0,70.25,316731.0
2009-01-14,70.2,72.3,70.15,71.85,136855.0
2009-01-15,71.85,71.85,68.0,69.3,335458.0
2009-01-16,69.8,71.75,69.15,70.5,182169.0
2009-01-19,72.0,73.85,70.05,73.3,157673.0
2009-01-20,72.0,72.0,69.0,69.5,405432.0
2009-01-21,68.9,71.4,68.1,70.5,285748.0
2009-01-22,71.0,71.35,68.5,69.4,213010.0
2009-01-23,69.0,69.85,65.55,66.45,136682.0
2009-01-27,66.0,70.5,66.0,69.6,90216.0
2009-01-28,70.35,72.0,70.15,70.8,437149.0
2009-01-29,71.0,72.25,67.15,67.95,243514.0
2009-01-30,67.0,71.1,67.0,70.45,173794.0
2009-02-02,69.95,70.3,68.65,69.55,86529.0
2009-02-03,70.5,72.1,69.2,70.25,311697.0
2009-02-04,71.2,72.4,69.6,70.15,687131.0
2009-02-05,70.5,71.0,69.3,70.1,150459.0
2009-02-06,70.8,72.4,70.4,71.5,239280.0
2009-02-09,72.0,73.4,70.0,72.85,253941.0
2009-02-10,72.5,74.55,71.0,73.95,481196.0
2009-02-11,72.4,75.0,72.4,74.4,182737.0
2009-02-12,75.0,76.25,73.5,73.95,430465.0
2009-02-13,74.5,75.5,72.55,73.35,296921.0
2009-02-16,73.35,74.0,70.15,70.7,560729.0
2009-02-17,70.7,70.7,67.8,69.25,210565.0
2009-02-18,68.0,70.5,67.4,69.25,294679.0
2009-02-19,69.3,70.25,69.0,69.25,777353.0
2009-02-20,68.0,69.4,67.35,68.1,153533.0
2009-02-24,67.0,69.6,66.15,69.25,299793.0
2009-02-25,70.2,70.25,67.25,67.9,322570.0
2009-02-26,68.0,68.55,65.25,65.9,165772.0
2009-02-27,66.1,66.1,59.55,63.45,555562.0
2009-03-02,61.7,65.0,60.35,63.1,393677.0
2009-03-03,63.0,67.5,63.0,66.05,589981.0
2009-03-04,66.5,68.8,66.3,67.85,515887.0
2009-03-05,68.9,70.0,65.7,66.85,206966.0
2009-03-06,65.4,68.0,64.75,67.3,233095.0
2009-03-09,66.75,68.0,65.3,67.65,116965.0
2009-03-12,68.0,69.45,67.05,67.75,307883.0
2009-03-13,68.5,69.4,67.2,69.0,237415.0
2009-03-16,69.5,70.1,68.55,69.45,215681.0
2009-03-17,70.0,70.4,66.7,67.45,266952.0
2009-03-18,69.0,69.0,64.05,64.5,248965.0
2009-03-19,65.5,68.0,64.65,66.95,451615.0
2009-03-20,66.8,69.75,66.15,69.3,246255.0
2009-03-23,70.3,70.8,69.25,69.9,352474.0
2009-03-24,70.3,71.0,68.75,70.35,608255.0
2009-03-25,70.0,70.6,68.25,70.1,331264.0
2009-03-26,70.5,70.85,69.45,69.5,378519.0
2009-03-27,69.7,71.9,69.25,71.5,309180.0
2009-03-30,70.0,71.6,69.0,70.35,129648.0
2009-03-31,70.65,75.1,70.5,71.3,814510.0
2009-04-01,71.8,72.2,70.2,71.75,258436.0
2009-04-02,73.0,74.95,72.5,74.1,615183.0
2009-04-06,75.8,76.5,71.55,72.15,709749.0
2009-04-08,70.9,77.25,70.9,75.8,340494.0
2009-04-09,76.8,79.9,75.05,78.1,612220.0
2009-04-13,78.2,79.2,77.0,77.7,190919.0
2009-04-15,78.5,86.5,77.2,85.8,626332.0
2009-04-16,86.9,87.8,79.6,80.15,580380.0
2009-04-17,82.0,85.55,78.1,79.95,461645.0
2009-04-20,80.25,82.0,78.5,80.15,279354.0
2009-04-21,78.95,81.5,76.25,77.8,202244.0
2009-04-22,78.55,80.5,78.15,79.35,470229.0
2009-04-23,81.5,83.2,80.1,82.55,866074.0
2009-04-24,82.1,83.8,79.65,80.85,406542.0
2009-04-27,82.0,84.7,79.1,82.6,495038.0
2009-04-28,82.5,83.75,80.05,80.85,376174.0
2009-04-29,82.0,82.8,79.0,80.75,199408.0
2009-05-04,82.0,83.4,81.1,82.0,291719.0
2009-05-05,82.1,83.0,79.5,79.95,1993798.0
2009-05-06,81.0,83.6,80.25,81.45,664954.0
2009-05-07,82.45,82.9,78.55,79.25,704450.0
2009-05-08,79.1,81.25,74.15,75.5,1149040.0
2009-05-11,82.4,82.4,74.25,74.7,289057.0
2009-05-12,74.0,77.65,74.0,76.95,458966.0
2009-05-13,77.5,78.6,75.5,76.0,192946.0
2009-05-14,75.0,77.25,74.0,75.95,421389.0
2009-05-15,76.55,77.65,75.75,76.0,1275006.0
2009-05-18,84.0,86.05,80.05,85.45,10810.0
2009-05-19,86.9,91.7,76.0,85.95,3808351.0
2009-05-20,85.0,93.25,85.0,92.5,1187050.0
2009-05-21,93.0,95.0,90.5,91.5,308241.0
2009-05-22,91.35,92.25,88.15,90.95,295755.0
2009-05-25,92.0,92.5,90.0,90.75,183189.0
2009-05-26,91.9,91.95,88.5,89.4,177399.0
2009-05-27,90.85,91.8,88.6,89.6,179197.0
2009-05-28,90.0,93.15,88.3,89.25,439125.0
2009-05-29,90.0,93.9,88.6,91.6,660424.0
2009-06-01,92.55,98.5,92.55,98.0,771386.0
2009-06-02,102.0,105.0,99.05,100.35,877098.0
2009-06-03,101.2,105.7,100.35,104.9,679710.0
2009-06-04,104.1,105.4,101.15,101.85,486766.0
2009-06-05,102.0,107.0,101.25,102.95,986458.0
2009-06-08,104.6,105.0,96.5,98.2,387311.0
2009-06-09,97.5,103.3,97.0,100.95,458634.0
2009-06-10,103.0,105.0,100.55,103.7,799683.0
2009-06-11,101.0,105.25,97.8,99.0,616458.0
2009-06-12,98.0,101.0,96.7,97.15,300327.0
2009-06-15,98.5,99.7,95.3,98.5,265742.0
2009-06-16,98.5,99.45,96.4,98.9,200414.0
2009-06-17,99.9,99.9,95.5,96.15,234796.0
2009-06-18,96.0,97.75,88.0,89.6,324555.0
2009-06-19,82.0,92.2,79.2,90.7,537144.0
2009-06-22,92.0,93.9,85.75,86.65,301740.0
2009-06-23,85.0,86.9,83.45,86.4,408755.0
2009-06-24,87.5,90.5,87.4,89.9,792344.0
2009-06-25,93.0,93.0,86.75,87.55,216231.0
2009-06-26,88.0,92.5,87.2,91.7,804327.0
2009-06-29,93.0,93.0,89.1,90.75,556840.0
2009-06-30,91.9,92.3,86.55,87.65,298822.0
2009-07-01,87.1,90.9,86.6,89.7,239747.0
2009-07-02,90.5,91.0,88.0,89.3,211410.0
2009-07-03,87.75,91.5,87.75,90.8,219114.0
2009-07-06,92.7,92.95,85.25,87.2,453980.0
2009-07-07,88.0,92.95,87.25,91.25,644451.0
2009-07-08,90.0,95.05,88.0,93.45,824517.0
2009-07-09,94.0,98.7,93.95,97.15,609538.0
2009-07-10,97.7,99.6,95.0,96.2,715406.0
2009-07-13,95.2,95.45,92.7,94.1,528825.0
2009-07-14,94.15,101.9,94.15,100.1,506372.0
2009-07-15,101.5,102.15,96.6,99.3,545107.0
2009-07-16,101.15,102.0,97.1,97.65,670204.0
2009-07-17,98.55,99.45,96.6,98.05,1075342.0
2009-07-20,99.1,99.45,95.75,96.85,1114220.0
2009-07-21,97.9,98.0,94.5,96.0,1107396.0
2009-07-22,97.0,97.8,94.25,96.15,245458.0
2009-07-23,100.0,100.0,94.2,96.95,2659485.0
2009-07-24,99.9,99.9,93.25,95.05,1572928.0
2009-07-27,95.5,96.1,94.7,95.25,861096.0
2009-07-28,96.0,100.7,95.0,99.9,3212275.0
2009-07-29,100.0,100.9,97.5,98.8,982820.0
2009-07-30,99.0,103.25,98.5,102.85,1046055.0
2009-07-31,103.8,109.95,102.55,108.65,1329241.0
2009-08-03,109.1,110.0,106.55,108.3,354899.0
2009-08-04,110.0,110.75,105.2,109.5,838667.0
2009-08-05,110.5,111.5,106.2,110.95,2060908.0
2009-08-06,110.75,110.75,106.15,106.75,340546.0
2009-08-07,106.95,107.5,103.0,105.25,1391740.0
2009-08-10,106.0,107.0,97.15,99.6,403840.0
2009-08-11,99.6,101.45,97.0,99.95,337800.0
2009-08-12,98.0,103.2,97.55,100.5,7904705.0
2009-08-13,102.5,105.25,102.2,103.6,8080363.0
2009-08-14,104.35,105.9,100.05,100.55,474142.0
2009-08-17,100.55,101.7,97.6,99.8,919855.0
2009-08-18,99.5,101.1,99.0,99.7,5832922.0
2009-08-19,99.95,101.0,95.1,96.45,375877.0
2009-08-20,100.0,100.0,97.4,99.2,216762.0
2009-08-21,99.5,99.8,97.55,98.35,4720369.0
2009-08-24,99.75,101.0,98.15,98.65,220032.0
2009-08-25,98.65,99.1,97.05,97.75,374781.0
2009-08-26,98.5,100.2,97.85,99.0,514371.0
2009-08-27,99.5,100.6,98.5,99.3,401698.0
2009-08-28,98.6,99.35,97.5,98.6,938971.0
2009-08-31,98.1,100.55,97.75,99.2,649912.0
2009-09-01,100.0,100.5,98.3,98.6,2463663.0
2009-09-02,98.0,100.0,97.6,99.05,488873.0
2009-09-03,99.4,100.5,98.55,99.85,310761.0
2009-09-04,99.85,100.45,99.0,100.0,230064.0
2009-09-07,100.85,102.0,100.5,101.5,353000.0
2009-09-08,102.0,102.5,99.4,99.8,340802.0
2009-09-09,100.0,100.3,98.2,99.55,142707.0
2009-09-10,100.0,101.0,98.05,98.45,1070174.0
2009-09-11,99.0,101.3,98.0,98.45,235946.0
2009-09-14,97.0,98.0,96.05,96.95,232961.0
2009-09-15,97.5,99.2,97.25,98.9,128581.0
2009-09-16,99.7,100.45,98.45,100.0,1348360.0
2009-09-17,100.1,102.2,98.55,99.4,556595.0
2009-09-18,100.0,101.3,99.5,99.9,510406.0
2009-09-22,100.1,100.95,99.3,99.75,270326.0
2009-09-23,99.0,100.35,98.0,98.85,290073.0
2009-09-24,98.3,99.15,97.5,98.3,203747.0
2009-09-25,97.55,98.85,97.05,98.3,125586.0
2009-09-29,99.8,100.25,98.75,99.0,6265165.0
2009-09-30,99.5,101.35,98.55,99.65,246650.0
2009-10-01,100.0,104.4,99.0,102.4,8772059.0
2009-10-05,102.0,105.55,100.1,100.75,791817.0
2009-10-06,101.0,101.9,95.25,97.5,760492.0
2009-10-07,98.2,98.8,97.0,97.8,476445.0
2009-10-08,98.0,99.35,97.0,98.5,173093.0
2009-10-09,101.0,101.0,97.55,99.25,267209.0
2009-10-12,99.5,100.2,95.5,97.65,948886.0
2009-10-14,98.2,98.2,93.15,93.95,1019564.0
2009-10-15,94.8,95.4,93.4,94.05,501029.0
2009-10-16,93.9,94.8,90.65,91.3,865987.0
2009-10-20,93.0,93.0,83.8,91.4,278747.0
2009-10-21,91.0,92.5,90.5,90.8,241013.0
2009-10-22,89.8,90.7,89.3,89.85,258953.0
2009-10-23,91.5,91.8,89.7,90.15,1337980.0
2009-10-26,90.25,90.6,89.0,89.75,433626.0
2009-10-27,88.1,90.4,88.1,89.45,6353861.0
2009-10-28,89.45,89.9,86.75,87.65,414116.0
2009-10-29,86.8,90.15,85.0,88.3,516499.0
2009-10-30,90.0,90.6,88.2,88.95,352666.0
2009-11-03,89.6,89.85,83.9,84.65,303307.0
2009-11-04,85.0,89.2,84.15,88.7,328429.0
2009-11-05,88.65,88.85,83.75,85.75,664612.0
2009-11-06,87.2,88.0,82.75,83.75,601567.0
2009-11-09,84.0,85.9,81.8,82.6,451159.0
2009-11-10,83.5,85.8,83.5,84.4,488089.0
2009-11-11,82.0,85.7,82.0,85.0,436656.0
2009-11-12,85.1,87.25,84.25,85.35,406731.0
2009-11-13,84.8,86.2,84.0,85.8,295260.0
2009-11-16,86.0,87.3,86.0,87.0,279264.0
2009-11-17,88.25,88.25,86.55,87.1,272362.0
2009-11-18,87.0,87.35,85.35,87.1,297966.0
2009-11-19,87.1,87.95,85.0,85.95,265973.0
2009-11-20,85.8,87.5,84.5,87.0,1914685.0
2009-11-23,87.65,88.7,86.95,88.4,328940.0
2009-11-24,89.0,90.4,88.0,90.1,490393.0
2009-11-25,90.3,92.7,90.0,92.0,457613.0
2009-11-26,92.65,95.0,91.4,91.95,799578.0
2009-11-27,91.0,91.2,88.0,89.25,302636.0
2009-11-30,90.5,93.0,90.05,92.15,328507.0
2009-12-01,92.15,94.6,92.15,94.25,298260.0
2009-12-02,94.5,95.45,93.15,94.15,226399.0
2009-12-03,94.7,95.95,93.0,94.35,413248.0
2009-12-04,94.5,95.5,93.75,94.85,293026.0
2009-12-07,95.0,95.4,93.7,94.55,184375.0
2009-12-08,94.3,97.7,94.3,97.3,378531.0
2009-12-09,96.6,98.2,96.6,97.35,196890.0
2009-12-10,97.5,99.0,97.25,98.65,439417.0
2009-12-11,99.0,99.1,95.6,97.15,343006.0
2009-12-14,98.0,99.85,97.5,99.3,504640.0
2009-12-15,100.0,100.2,96.5,97.2,222512.0
2009-12-16,97.4,98.7,96.5,98.15,418842.0
2009-12-17,97.95,99.5,97.6,99.05,214262.0
2009-12-18,99.1,99.9,97.8,98.2,186560.0
2009-12-21,98.0,98.5,96.5,96.8,68672.0
2009-12-22,97.1,97.9,95.6,95.95,94704.0
2009-12-23,96.8,99.4,95.85,98.8,553287.0
2009-12-24,99.25,100.7,97.8,99.45,220981.0
2009-12-29,99.9,102.2,99.0,100.75,412513.0
2009-12-30,102.0,103.0,100.1,101.5,283626.0
2009-12-31,102.0,104.8,100.25,103.7,682691.0
2010-01-04,104.4,106.5,103.05,106.1,398546.0
2010-01-05,108.0,108.0,104.5,105.35,455853.0
2010-01-06,106.0,106.6,103.1,105.9,247131.0
2010-01-07,106.0,107.0,104.9,105.7,168331.0
2010-01-08,105.7,106.5,104.5,105.75,219055.0
2010-01-11,106.95,107.0,105.55,106.2,154655.0
2010-01-12,106.5,106.5,102.5,103.4,251692.0
2010-01-13,103.0,109.0,102.9,108.1,864644.0
2010-01-14,108.9,110.8,106.1,107.25,630106.0
2010-01-15,108.4,113.9,107.0,112.8,1024345.0
2010-01-18,112.0,113.8,110.0,111.0,319248.0
2010-01-19,111.0,111.4,105.0,107.75,192282.0
2010-01-20,108.2,110.0,106.1,109.7,660988.0
2010-01-21,108.25,111.45,107.95,109.4,745172.0
2010-01-22,107.8,107.8,104.25,105.55,253403.0
2010-01-25,105.0,105.35,101.5,103.95,86710.0
2010-01-27,102.95,103.45,99.3,101.45,207288.0
2010-01-28,102.0,104.0,100.4,101.9,170741.0
2010-01-29,101.0,103.7,99.25,102.3,224276.0
2010-02-01,101.5,102.65,100.9,101.2,89275.0
2010-02-02,102.55,103.1,101.0,102.15,196121.0
2010-02-03,103.1,104.5,102.25,103.1,150022.0
2010-02-04,103.5,103.9,100.1,100.65,387762.0
2010-02-05,98.05,102.0,95.05,99.55,517229.0
2010-02-08,101.0,101.25,98.8,100.7,99153.0
2010-02-09,100.6,104.0,99.8,103.75,281468.0
2010-02-10,104.85,105.7,102.5,103.95,736558.0
2010-02-11,103.85,107.8,103.85,106.8,356564.0
2010-02-15,107.0,107.4,104.35,104.65,199683.0
2010-02-16,105.4,109.9,103.9,109.35,299702.0
2010-02-17,109.8,110.65,106.75,107.55,423189.0
2010-02-18,107.0,107.9,104.55,106.1,141592.0
2010-02-19,104.55,107.0,104.55,105.5,396387.0
2010-02-22,107.0,107.0,104.0,104.7,259021.0
2010-02-23,100.55,105.2,100.55,104.1,144502.0
2010-02-24,103.6,105.5,102.5,104.65,90611.0
2010-02-25,105.0,106.1,103.4,105.4,181915.0
2010-02-26,105.3,108.0,105.0,106.9,252543.0
2010-03-02,107.0,109.4,106.3,107.7,218845.0
2010-03-03,108.0,108.7,106.3,107.0,249563.0
2010-03-04,107.4,107.4,104.8,106.0,134368.0
2010-03-05,106.8,109.8,106.35,109.15,301009.0
2010-03-08,110.25,115.75,109.75,115.1,1504791.0
2010-03-09,114.95,115.9,114.15,114.8,539476.0
2010-03-10,113.05,117.8,113.05,117.15,744669.0
2010-03-11,117.35,117.8,115.2,116.25,739315.0
2010-03-12,116.0,117.25,115.6,116.15,553388.0
2010-03-15,116.0,116.8,115.15,116.5,199783.0
2010-03-16,116.45,116.9,115.0,116.55,372037.0
2010-03-17,116.55,118.9,115.1,115.75,322067.0
2010-03-18,117.0,118.0,111.1,117.2,144632.0
2010-03-19,116.55,118.7,116.3,118.3,299667.0
2010-03-22,115.0,120.8,115.0,117.6,286090.0
2010-03-23,118.0,118.65,116.7,117.3,79862.0
2010-03-25,117.3,118.95,115.0,117.95,128663.0
2010-03-26,116.5,119.5,116.0,118.45,154874.0
2010-03-29,120.0,123.85,119.45,121.95,947691.0
2010-03-30,123.0,124.0,118.0,118.65,301773.0
2010-03-31,117.15,120.4,117.15,119.65,175559.0
2010-04-01,120.4,120.9,117.65,118.3,114089.0
2010-04-05,119.0,119.3,117.95,118.4,121060.0
2010-04-06,119.0,119.0,116.1,116.95,452498.0
2010-04-07,117.45,120.9,117.15,119.6,286687.0
2010-04-08,120.0,121.35,119.05,119.4,173326.0
2010-04-09,118.0,122.1,115.0,120.0,166197.0
2010-04-12,121.5,121.5,117.8,118.55,79065.0
2010-04-13,118.75,119.45,117.6,118.8,125712.0
2010-04-15,119.0,120.3,118.7,119.55,185258.0
2010-04-16,118.6,119.95,117.5,118.4,64684.0
2010-04-19,116.0,117.95,116.0,117.25,250827.0
2010-04-20,117.25,120.5,116.0,118.95,374500.0
2010-04-21,119.1,121.4,118.55,120.9,466932.0
2010-04-22,121.5,121.85,119.55,120.0,289707.0
2010-04-23,120.6,121.8,118.1,120.1,238487.0
2010-04-26,120.5,122.6,119.2,121.45,282166.0
2010-04-27,121.45,124.0,120.3,123.6,366518.0
2010-04-28,120.55,124.75,120.55,123.75,364908.0
2010-04-29,124.0,125.6,123.1,124.1,268045.0
2010-04-30,124.0,124.0,119.5,121.15,654606.0
2010-05-03,120.4,121.5,118.75,120.55,438037.0
2010-05-04,120.0,121.5,115.1,116.0,207649.0
2010-05-05,100.0,116.9,100.0,116.4,184241.0
2010-05-06,116.7,116.7,110.2,112.1,516295.0
2010-05-07,109.95,113.0,108.0,111.55,304621.0
2010-05-10,112.8,115.7,112.35,114.7,613074.0
2010-05-11,115.5,115.5,110.7,111.0,299431.0
2010-05-12,110.0,111.95,108.7,109.45,176338.0
2010-05-13,110.0,110.85,107.55,109.4,161624.0
2010-05-14,109.4,110.85,104.1,105.75,206581.0
2010-05-17,103.5,106.0,102.0,105.5,127627.0
2010-05-18,105.5,108.8,104.2,107.85,157841.0
2010-05-19,107.1,108.95,103.6,104.5,5632829.0
2010-05-20,105.5,105.9,103.1,104.5,1717244.0
2010-05-21,103.1,108.0,103.1,105.7,145361.0
2010-05-24,106.8,107.55,105.55,106.95,242514.0
2010-05-25,107.0,107.3,103.75,105.05,524959.0
2010-05-26,106.95,106.95,105.25,106.1,123830.0
2010-05-27,105.0,109.2,104.55,108.6,164228.0
2010-05-28,109.6,110.35,106.0,108.95,120553.0
2010-05-31,108.5,110.0,106.1,108.8,157475.0
2010-06-01,109.45,109.5,106.0,107.0,123822.0
2010-06-02,107.85,110.5,107.65,110.2,1162052.0
2010-06-03,110.6,114.85,110.55,114.45,172872.0
2010-06-04,114.0,114.4,112.1,112.7,68610.0
2010-06-07,106.7,115.4,106.7,114.7,169598.0
2010-06-08,115.0,116.3,114.0,115.0,149518.0
2010-06-09,117.0,117.0,114.3,114.8,386251.0
2010-06-10,114.0,116.8,114.0,116.25,180285.0
2010-06-11,116.75,117.9,113.5,115.2,182141.0
2010-06-14,115.15,115.75,114.55,114.95,1304412.0
2010-06-15,114.8,116.0,113.55,115.45,75824.0
2010-06-16,116.5,117.4,115.05,116.05,119518.0
2010-06-17,116.0,117.0,115.35,116.55,314491.0
2010-06-18,117.1,117.95,115.0,117.5,93321.0
2010-06-21,118.0,119.8,117.55,118.2,208777.0
2010-06-22,118.5,119.5,117.7,118.7,164938.0
2010-06-23,117.0,120.85,117.0,120.3,283110.0
2010-06-24,121.0,121.0,117.0,117.75,232471.0
2010-06-25,117.7,118.0,115.35,117.25,87433.0
2010-06-28,116.95,118.9,115.55,117.8,94675.0
2010-06-29,118.5,118.5,114.35,114.55,211140.0
2010-06-30,114.0,115.65,113.05,114.55,252160.0
2010-07-01,113.95,119.75,112.7,113.2,91323.0
2010-07-02,112.9,113.75,111.7,112.65,102744.0
2010-07-05,113.0,114.0,112.5,113.6,20342.0
2010-07-06,113.0,114.8,112.0,112.8,43019.0
2010-07-07,113.25,113.55,111.5,112.45,46162.0
2010-07-08,112.25,114.35,112.25,112.95,55836.0
2010-07-09,113.45,113.45,110.5,111.0,98225.0
2010-07-12,111.9,112.5,110.1,110.95,79212.0
2010-07-13,110.95,111.4,110.0,110.35,81863.0
2010-07-14,111.0,113.25,110.0,110.3,86394.0
2010-07-15,109.0,111.2,109.0,110.45,123686.0
2010-07-16,109.95,110.45,108.25,109.35,97194.0
2010-07-19,110.0,110.55,107.55,107.85,95199.0
2010-07-20,109.0,110.45,107.55,108.05,116295.0
2010-07-21,109.5,112.6,108.65,112.05,203345.0
2010-07-22,112.9,116.5,112.6,114.5,704594.0
2010-07-23,115.0,115.4,113.1,114.9,425354.0
2010-07-26,116.25,117.1,114.05,116.55,248442.0
2010-07-27,116.0,119.75,116.0,119.15,979519.0
2010-07-28,119.95,120.25,117.05,117.45,625244.0
2010-07-29,117.0,120.2,115.5,119.0,368961.0
2010-07-30,121.25,121.25,117.15,117.5,142280.0
2010-08-02,119.45,119.45,116.7,118.45,214723.0
2010-08-03,116.6,118.0,115.75,116.85,88400.0
2010-08-04,116.8,119.0,115.05,117.3,156643.0
2010-08-05,118.0,118.0,114.0,114.55,643148.0
2010-08-06,114.0,115.0,113.0,114.65,103597.0
2010-08-09,114.65,120.0,114.0,119.0,173708.0
2010-08-10,118.95,120.5,118.05,119.8,585313.0
2010-08-11,119.95,121.0,117.5,120.15,349327.0
2010-08-12,119.4,119.95,116.1,117.85,97421.0
2010-08-13,116.7,117.95,116.0,116.75,111641.0
2010-08-16,118.0,118.0,113.55,114.0,93493.0
2010-08-17,114.85,116.8,113.75,114.15,58749.0
2010-08-18,114.85,116.0,113.85,114.6,296656.0
2010-08-19,114.7,126.45,114.7,123.95,680209.0
2010-08-20,125.8,128.2,119.55,121.45,796781.0
2010-08-23,122.5,124.25,121.5,121.85,183152.0
2010-08-24,122.5,122.65,119.65,120.95,104734.0
2010-08-25,119.7,124.1,119.7,121.4,207241.0
2010-08-26,121.4,122.75,118.0,120.9,282952.0
2010-08-27,120.5,122.45,119.4,120.05,120745.0
2010-08-30,122.0,123.1,120.55,122.1,160738.0
2010-08-31,121.5,125.9,119.0,125.15,401428.0
2010-09-01,126.0,126.15,122.75,123.8,230276.0
2010-09-02,125.0,126.0,123.45,124.95,209553.0
2010-09-03,124.95,125.8,124.0,125.35,96998.0
2010-09-06,125.95,127.25,125.0,126.1,207275.0
2010-09-07,126.0,136.8,125.65,135.95,1999668.0
2010-09-08,135.5,138.75,134.85,137.1,980094.0
2010-09-09,137.45,137.9,134.5,136.5,454946.0
2010-09-13,136.0,139.0,135.75,137.9,481649.0
2010-09-14,138.0,139.0,135.6,136.45,282903.0
2010-09-15,134.5,138.7,134.5,137.1,253376.0
2010-09-16,135.6,137.0,135.05,136.1,168600.0
2010-09-17,135.35,144.15,135.0,142.5,1075630.0
2010-09-20,143.05,147.55,141.75,144.9,564827.0
2010-09-21,144.5,148.8,142.35,145.95,526563.0
2010-09-22,146.0,148.7,144.0,146.45,512391.0
2010-09-23,146.3,148.3,145.15,145.85,395121.0
2010-09-24,145.75,146.65,143.1,146.1,156297.0
2010-09-27,146.55,150.25,144.0,145.15,282420.0
2010-09-28,146.0,147.75,144.6,145.85,363003.0
2010-09-29,147.0,148.2,144.0,146.95,396447.0
2010-09-30,146.95,147.0,139.65,140.7,126599.0
2010-10-01,140.7,143.9,139.4,141.95,247845.0
2010-10-04,143.0,144.2,140.05,140.55,109631.0
2010-10-05,142.0,143.75,141.05,142.35,240022.0
2010-10-06,143.9,145.4,142.6,143.4,111759.0
2010-10-07,143.0,144.6,141.1,141.95,266936.0
2010-10-08,142.0,143.5,139.05,140.8,75022.0
2010-10-11,142.0,142.95,139.15,141.6,71302.0
2010-10-12,141.6,143.25,138.25,139.35,145941.0
2010-10-13,138.5,143.85,138.5,142.65,131630.0
2010-10-14,143.9,146.35,140.6,141.9,640488.0
2010-10-15,142.3,142.6,138.0,138.7,136399.0
2010-10-18,138.1,138.75,134.9,136.9,206308.0
2010-10-19,136.0,141.0,135.05,139.4,314573.0
2010-10-20,138.45,139.4,136.0,137.8,145166.0
2010-10-21,137.0,143.65,134.5,142.1,517882.0
2010-10-22,141.0,141.85,138.6,139.05,1941269.0
2010-10-25,139.15,145.95,139.15,143.8,379115.0
2010-10-26,143.75,143.95,140.15,141.75,170735.0
2010-10-27,140.0,142.5,139.0,139.7,58176.0
2010-10-28,140.2,143.2,139.45,140.95,119319.0
2010-10-29,142.9,142.9,137.25,139.75,67463.0
2010-11-01,141.5,144.5,140.7,142.7,72175.0
2010-11-02,143.0,149.2,143.0,148.0,922453.0
2010-11-03,149.9,153.5,149.7,150.35,424602.0
2010-11-04,152.0,152.7,148.25,151.85,425867.0
2010-11-08,151.0,164.3,151.0,163.1,1397947.0
2010-11-09,163.1,165.35,159.6,164.7,349423.0
2010-11-10,164.5,164.5,159.5,160.3,425869.0
2010-11-11,159.6,166.5,159.3,161.1,345300.0
2010-11-12,160.0,162.45,156.5,158.15,108530.0
2010-11-15,156.25,156.5,152.9,155.2,135030.0
2010-11-16,154.55,155.3,146.1,148.1,130647.0
2010-11-18,148.1,152.5,146.4,149.6,424565.0
2010-11-19,150.5,151.0,144.8,145.55,218094.0
2010-11-22,146.15,148.2,145.0,146.1,232947.0
2010-11-23,146.5,148.5,142.55,143.6,146579.0
2010-11-24,143.0,145.85,140.0,140.8,118828.0
2010-11-25,141.95,144.45,133.55,138.15,202375.0
2010-11-26,140.35,140.75,135.55,138.3,120368.0
2010-11-29,137.0,140.8,135.0,138.8,148950.0
2010-11-30,138.0,141.5,133.0,140.5,265703.0
2010-12-01,140.0,142.0,138.1,140.5,139113.0
2010-12-02,141.0,143.0,138.25,139.6,196281.0
2010-12-03,139.9,140.0,135.0,137.5,73862.0
2010-12-06,139.0,140.5,135.55,136.3,111368.0
2010-12-07,135.1,139.9,134.5,138.7,102997.0
2010-12-08,138.6,142.0,136.1,137.5,241969.0
2010-12-09,137.35,139.1,131.1,133.4,122192.0
2010-12-10,132.75,142.8,131.05,141.8,322590.0
2010-12-13,143.5,144.45,136.25,138.3,284454.0
2010-12-14,138.7,141.05,137.4,139.95,172510.0
2010-12-15,137.5,140.0,134.8,136.0,121785.0
2010-12-16,134.05,138.9,133.1,138.4,178438.0
2010-12-20,136.5,141.9,136.05,139.55,168719.0
2010-12-21,140.45,140.5,137.4,138.2,70619.0
2010-12-22,139.1,140.4,137.65,139.7,138893.0
2010-12-23,139.0,140.0,137.8,138.35,120008.0
2010-12-24,138.0,142.0,137.2,140.5,238275.0
2010-12-27,142.0,145.0,141.35,143.95,260816.0
2010-12-28,144.0,146.0,141.8,142.65,373456.0
2010-12-29,143.75,144.25,141.6,142.7,81449.0
2010-12-30,142.95,145.5,141.6,143.5,84925.0
2010-12-31,143.5,144.45,142.35,143.05,62807.0
2011-01-03,143.05,144.95,141.1,142.9,125176.0
2011-01-04,143.9,146.65,143.05,143.95,283966.0
2011-01-05,144.55,145.05,140.05,140.65,104303.0
2011-01-06,142.0,142.0,132.5,133.4,254818.0
2011-01-07,134.4,134.4,127.25,128.35,333089.0
2011-01-10,128.0,130.8,126.1,127.5,177579.0
2011-01-11,128.7,131.15,124.3,126.65,153004.0
2011-01-12,127.2,129.35,125.3,128.7,104072.0
2011-01-13,129.0,134.0,129.0,132.2,187545.0
2011-01-14,132.5,133.85,126.8,127.8,234447.0
2011-01-17,126.5,127.7,125.5,126.2,143457.0
2011-01-18,127.35,131.5,124.5,130.9,208953.0
2011-01-19,130.9,132.35,126.5,127.55,91781.0
2011-01-20,126.5,129.0,124.1,128.25,115168.0
2011-01-21,129.0,129.0,126.25,126.55,92285.0
2011-01-24,126.5,129.0,126.5,127.1,70168.0
2011-01-25,127.0,131.6,127.0,129.5,209925.0
2011-01-27,130.9,133.5,128.2,131.5,214312.0
2011-01-28,131.0,131.0,127.35,128.05,108487.0
2011-01-31,128.05,128.05,124.0,126.55,85139.0
2011-02-01,127.9,129.9,120.25,121.45,224993.0
2011-02-02,122.2,122.9,119.7,121.25,150002.0
2011-02-03,121.0,126.0,119.7,125.05,563628.0
2011-02-04,126.2,126.35,119.55,120.7,266313.0
2011-02-07,122.0,122.1,118.3,119.6,156753.0
2011-02-08,121.45,121.45,118.3,119.05,85674.0
2011-02-09,119.0,119.85,116.85,118.65,169776.0
2011-02-10,117.5,120.1,116.7,117.55,188872.0
2011-02-11,117.8,120.0,112.0,116.5,173597.0
2011-02-14,117.9,119.3,117.05,118.9,123957.0
2011-02-15,120.85,120.85,117.35,119.1,146704.0
2011-02-16,119.55,122.6,119.5,121.7,136600.0
2011-02-17,122.3,126.9,122.0,125.8,285929.0
2011-02-18,126.4,129.45,122.5,124.3,175768.0
2011-02-21,124.0,126.95,123.75,126.4,128876.0
2011-02-22,125.55,128.5,122.25,124.0,154903.0
2011-02-23,125.0,126.2,121.4,124.4,230354.0
2011-02-24,123.5,125.0,121.8,123.1,112133.0
2011-02-25,124.0,124.9,121.5,124.1,87063.0
2011-02-28,125.0,125.0,116.95,118.0,223102.0
2011-03-01,119.0,122.65,118.7,121.8,146587.0
2011-03-03,122.1,125.0,121.7,123.05,190606.0
2011-03-04,123.4,124.9,122.0,123.25,83819.0
2011-03-07,121.0,124.2,120.25,123.45,109420.0
2011-03-08,123.55,124.8,122.1,124.45,108236.0
2011-03-09,124.0,128.05,123.15,127.55,122694.0
2011-03-10,126.05,129.8,126.05,129.25,141478.0
2011-03-11,127.0,128.9,125.35,125.9,86856.0
2011-03-14,125.0,128.1,125.0,127.4,88320.0
2011-03-15,125.0,126.65,123.55,125.2,84167.0
2011-03-16,126.4,130.35,125.5,129.95,147769.0
2011-03-17,129.4,134.0,129.0,132.35,306519.0
2011-03-18,131.8,134.25,131.0,132.1,164369.0
2011-03-21,132.1,134.25,128.5,128.85,132131.0
2011-03-22,129.5,132.1,128.0,131.45,115551.0
2011-03-23,131.5,133.5,131.0,132.65,93933.0
2011-03-24,133.0,136.85,132.75,135.55,168940.0
2011-03-25,135.6,138.7,135.6,138.0,165507.0
2011-03-28,136.0,138.85,136.0,137.95,83603.0
2011-03-29,137.8,138.95,136.1,138.5,104952.0
2011-03-30,138.5,152.0,138.15,149.85,851644.0
2011-03-31,150.95,151.5,144.05,147.05,314377.0
2011-04-01,147.1,147.9,145.05,146.8,90065.0
2011-04-04,149.5,150.0,147.0,148.4,129341.0
2011-04-05,148.5,153.25,147.5,151.45,269632.0
2011-04-06,151.8,152.7,148.0,150.55,1329577.0
2011-04-07,151.0,152.55,148.0,151.25,207860.0
2011-04-08,151.0,151.45,148.05,149.8,2887006.0
2011-04-11,148.0,150.5,147.25,149.0,155347.0
2011-04-13,146.55,153.75,146.55,152.85,319374.0
2011-04-15,152.0,153.2,150.15,150.75,174279.0
2011-04-18,149.5,154.35,149.2,150.1,219260.0
2011-04-19,149.0,152.0,149.0,150.45,65729.0
2011-04-20,151.9,154.95,150.25,154.2,220530.0
2011-04-21,154.7,155.0,151.1,152.25,120741.0
2011-04-25,150.35,155.95,150.35,155.65,247954.0
2011-04-26,155.0,158.0,154.2,157.5,436620.0
2011-04-27,158.5,158.9,150.15,150.85,217354.0
2011-04-28,150.85,155.0,149.35,150.75,660687.0
2011-04-29,150.4,159.7,150.4,155.4,1485074.0
2011-05-02,156.5,156.5,152.5,153.3,141309.0
2011-05-03,153.0,154.1,148.55,149.7,148703.0
2011-05-04,149.45,150.35,140.6,141.75,246602.0
2011-05-05,141.4,141.5,134.5,136.8,899235.0
2011-05-06,138.3,141.7,137.05,140.3,149444.0
2011-05-09,141.4,141.4,138.6,139.0,100133.0
2011-05-10,137.75,140.0,136.15,137.1,102212.0
2011-05-11,137.0,137.15,135.0,136.05,98912.0
2011-05-12,136.0,137.0,132.3,133.65,383899.0
2011-05-13,134.7,137.25,132.3,135.95,137551.0
2011-05-16,136.2,139.9,136.2,138.4,137511.0
2011-05-17,139.0,139.0,132.9,134.5,130688.0
2011-05-18,135.5,136.0,132.3,134.65,74323.0
2011-05-19,135.2,136.65,131.85,132.65,48849.0
2011-05-20,132.65,134.75,130.6,131.15,109097.0
2011-05-23,130.05,131.7,127.1,130.65,184792.0
2011-05-24,131.9,135.35,130.8,134.15,142035.0
2011-05-25,135.0,137.0,132.9,136.3,72875.0
2011-05-26,136.3,139.45,134.65,137.8,70725.0
2011-05-27,138.0,138.5,135.25,136.4,45259.0
2011-05-30,137.0,137.25,133.55,134.4,43724.0
2011-05-31,134.25,139.5,132.9,138.7,90017.0
2011-06-01,139.1,143.65,139.0,143.15,179260.0
2011-06-02,141.8,142.8,138.0,142.4,70135.0
2011-06-03,142.0,144.95,141.1,142.35,53917.0
2011-06-06,142.5,144.0,139.3,142.2,163704.0
2011-06-07,141.45,143.0,140.95,141.5,66441.0
2011-06-08,141.8,143.45,139.4,140.75,108828.0
2011-06-09,139.15,140.2,136.25,138.15,57993.0
2011-06-10,136.7,137.8,135.0,136.15,77052.0
2011-06-13,135.3,136.9,133.0,136.0,71549.0
2011-06-14,136.9,136.9,134.5,134.9,44921.0
2011-06-15,135.0,135.0,131.5,131.9,60478.0
2011-06-16,130.5,130.5,125.4,125.8,260484.0
2011-06-17,125.0,128.75,125.0,128.15,1302105.0
2011-06-20,128.0,129.0,125.0,125.45,66076.0
2011-06-21,125.5,130.0,124.0,129.05,113133.0
2011-06-22,129.05,133.15,128.6,129.95,128275.0
2011-06-23,129.5,129.5,126.4,128.0,53497.0
2011-06-24,128.0,134.7,128.0,133.1,112944.0
2011-06-27,132.5,134.4,131.0,132.0,297678.0
2011-06-28,132.3,132.35,129.65,131.5,77962.0
2011-06-29,132.4,134.5,130.7,131.85,67873.0
2011-06-30,133.0,134.4,130.1,133.1,84617.0
2011-07-01,133.5,134.6,128.5,129.9,117496.0
2011-07-04,131.0,132.35,128.9,129.55,80749.0
2011-07-05,129.8,129.8,127.25,128.65,1908898.0
2011-07-06,129.0,129.9,126.5,126.85,1941285.0
2011-07-07,127.5,129.75,126.85,129.35,170031.0
2011-07-08,130.4,130.5,125.65,126.3,172205.0
2011-07-11,126.3,126.3,123.0,124.1,127232.0
2011-07-12,123.4,125.5,120.65,122.05,210099.0
2011-07-13,123.65,123.9,120.75,123.25,231160.0
2011-07-14,123.25,127.35,122.2,126.2,193346.0
2011-07-15,127.25,128.0,125.1,126.2,65697.0
2011-07-18,126.2,127.15,125.6,126.25,42291.0
2011-07-19,126.1,128.0,125.0,127.5,104001.0
2011-07-20,128.05,129.5,126.1,126.8,99666.0
2011-07-21,127.45,127.9,125.8,126.25,28123.0
2011-07-22,126.85,130.35,126.85,129.6,172890.0
2011-07-25,128.75,132.3,128.4,131.3,103125.0
2011-07-26,131.9,132.4,128.7,129.5,145682.0
2011-07-27,129.5,131.5,129.25,130.65,58356.0
2011-07-28,129.9,134.0,127.35,133.0,226730.0
2011-07-29,131.0,131.0,128.55,129.3,123902.0
2011-08-01,131.0,131.25,127.5,129.3,75718.0
2011-08-02,129.8,130.0,127.0,128.4,81927.0
2011-08-03,127.0,129.4,126.1,129.25,172326.0
2011-08-04,128.9,129.3,126.5,127.15,168991.0
2011-08-05,125.0,126.0,122.0,124.35,127188.0
2011-08-08,120.15,129.35,120.15,124.65,184040.0
2011-08-09,120.0,131.35,119.9,128.15,343092.0
2011-08-10,129.85,131.5,128.0,128.6,78399.0
2011-08-11,127.0,131.2,127.0,130.0,83965.0
2011-08-12,130.35,132.3,129.15,130.85,114160.0
2011-08-16,130.2,134.65,130.2,133.0,286471.0
2011-08-17,132.9,135.8,132.3,133.85,188311.0
2011-08-18,134.95,134.95,130.6,132.95,134591.0
2011-08-19,131.0,133.0,130.0,132.2,98957.0
2011-08-22,132.3,133.4,131.0,132.05,38038.0
2011-08-23,132.0,134.05,131.0,133.25,57785.0
2011-08-24,134.0,134.0,130.5,132.1,723350.0
2011-08-25,133.5,137.8,131.15,135.85,180163.0
2011-08-26,137.0,137.0,130.9,132.1,103967.0
2011-08-29,132.9,134.0,131.45,133.05,48377.0
2011-08-30,135.0,135.4,132.05,133.1,101418.0
2011-09-02,135.4,139.0,134.8,135.35,282264.0
2011-09-05,134.7,138.3,131.6,132.7,59868.0
2011-09-06,132.0,140.2,131.45,138.85,552352.0
2011-09-07,138.85,148.8,138.85,147.55,459200.0
2011-09-08,148.0,148.5,143.3,146.7,182209.0
2011-09-09,146.05,147.6,137.2,138.95,224381.0
2011-09-12,137.0,144.4,135.25,143.4,290731.0
2011-09-13,145.55,147.75,143.65,145.45,248175.0
2011-09-14,145.45,147.0,143.85,145.95,239657.0
2011-09-15,147.3,151.5,146.55,150.15,252762.0
2011-09-16,151.0,152.0,141.1,143.65,327912.0
2011-09-19,143.5,145.75,142.0,143.9,99971.0
2011-09-20,145.2,147.4,145.0,146.55,158027.0
2011-09-21,146.4,149.75,146.4,149.35,165938.0
2011-09-22,146.6,147.2,142.6,143.75,188563.0
2011-09-23,142.4,147.2,141.6,144.65,133047.0
2011-09-26,144.7,147.65,140.65,146.7,127904.0
2011-09-27,148.05,149.2,146.75,147.8,85300.0
2011-09-28,148.0,149.4,145.65,146.85,110874.0
2011-09-29,146.5,148.6,145.1,147.15,106251.0
2011-09-30,147.15,150.9,145.55,148.6,257654.0
2011-10-03,146.1,149.5,144.1,148.85,109174.0
2011-10-04,148.75,150.0,146.9,148.75,145398.0
2011-10-05,149.0,151.1,146.55,149.0,196576.0
2011-10-07,150.1,151.9,144.7,145.15,206290.0
2011-10-10,145.0,145.0,142.6,144.5,171452.0
2011-10-11,144.6,146.0,143.0,144.7,259542.0
2011-10-12,144.1,149.7,144.1,149.1,273716.0
2011-10-13,148.5,149.5,146.3,147.15,68029.0
2011-10-14,147.0,149.6,147.0,149.15,94438.0
2011-10-17,148.0,153.25,147.75,152.45,435281.0
2011-10-18,151.0,153.2,149.8,152.3,151722.0
2011-10-19,152.5,156.0,152.5,155.3,843513.0
2011-10-20,153.55,155.9,153.0,154.05,205577.0
2011-10-21,152.5,154.4,149.5,150.4,84934.0
2011-10-24,150.95,154.0,150.0,151.05,81808.0
2011-10-25,151.1,154.8,150.65,153.85,81205.0
2011-10-28,152.1,161.0,152.1,160.1,444034.0
2011-10-31,160.35,161.0,153.25,155.4,167038.0
2011-11-01,155.9,157.65,150.55,154.7,444115.0
2011-11-02,152.8,158.0,151.2,156.55,244683.0
2011-11-03,155.05,157.9,154.5,157.15,157365.0
2011-11-04,159.0,161.45,158.15,161.0,491465.0
2011-11-08,161.0,164.4,160.05,162.9,446388.0
2011-11-09,162.0,162.9,159.65,160.55,145017.0
2011-11-11,159.0,163.3,158.5,162.95,135468.0
2011-11-14,163.55,164.8,161.25,162.45,90549.0
2011-11-15,161.7,163.5,159.4,160.5,95792.0
2011-11-16,159.5,161.0,156.5,157.65,114005.0
2011-11-17,157.05,157.65,152.7,153.5,63699.0
2011-11-18,152.0,155.0,150.65,153.2,56284.0
2011-11-21,151.0,152.25,148.85,149.65,271956.0
2011-11-22,149.8,150.25,145.6,148.3,150435.0
2011-11-23,146.25,148.25,144.8,146.35,115380.0
2011-11-24,146.0,151.95,141.35,150.1,608795.0
2011-11-25,148.05,150.25,144.75,146.65,66063.0
2011-11-28,148.0,150.75,145.9,149.6,197941.0
2011-11-29,151.45,151.45,145.2,146.45,71445.0
2011-11-30,145.9,149.8,144.3,148.4,134180.0
2011-12-01,152.0,153.5,148.0,149.2,107639.0
2011-12-02,149.0,161.2,149.0,159.95,675674.0
2011-12-05,159.9,162.95,158.2,162.25,324049.0
2011-12-07,162.0,165.5,160.1,161.3,292454.0
2011-12-08,160.3,161.0,159.0,160.2,215389.0
2011-12-09,158.75,160.5,156.25,159.25,987597.0
2011-12-12,160.55,161.15,152.05,153.45,183332.0
2011-12-13,151.55,155.3,148.6,150.45,382264.0
2011-12-14,150.5,153.1,148.6,150.7,135899.0
2011-12-15,149.0,154.65,148.0,153.65,137080.0
2011-12-16,153.6,158.8,151.8,153.05,197136.0
2011-12-19,152.7,156.7,149.25,153.4,148903.0
2011-12-20,154.25,154.25,148.05,149.95,91884.0
2011-12-21,151.0,156.55,151.0,155.3,134893.0
2011-12-22,155.3,158.65,154.55,155.55,213669.0
2011-12-23,156.7,158.0,153.1,155.8,115814.0
2011-12-26,155.1,160.5,155.1,160.05,173638.0
2011-12-27,159.85,163.7,159.85,163.05,263081.0
2011-12-28,162.5,164.5,162.0,162.75,251072.0
2011-12-29,161.45,161.75,157.05,157.6,90545.0
2011-12-30,158.3,159.0,154.5,155.4,142419.0
2012-01-02,156.2,157.45,152.75,156.05,100042.0
2012-01-03,157.0,158.95,153.5,154.95,155926.0
2012-01-04,155.2,155.7,148.9,150.35,234786.0
2012-01-05,149.5,154.75,145.65,154.0,337314.0
2012-01-06,153.7,154.25,149.6,153.4,127418.0
2012-01-09,151.0,153.35,150.3,151.95,59048.0
2012-01-10,152.7,154.0,151.25,152.05,106773.0
2012-01-11,153.45,153.45,149.8,150.45,116177.0
2012-01-12,150.0,151.9,149.6,151.1,79554.0
2012-01-13,151.9,153.6,150.25,151.6,87148.0
2012-01-16,151.3,153.0,149.4,151.5,60070.0
2012-01-17,152.25,158.0,152.25,157.15,267998.0
2012-01-18,157.9,159.4,155.7,156.25,217986.0
2012-01-19,158.0,161.6,157.85,159.95,411072.0
2012-01-20,161.5,162.1,157.05,157.8,157309.0
2012-01-23,158.5,160.8,156.75,157.95,133388.0
2012-01-24,158.9,161.5,158.1,159.7,192266.0
2012-01-25,160.0,163.3,159.6,161.0,200758.0
2012-01-27,161.8,163.95,161.1,161.65,118956.0
2012-01-30,161.45,163.5,158.65,160.45,106496.0
2012-01-31,161.2,162.7,159.65,160.7,103643.0
2012-02-01,156.55,165.2,156.55,164.25,237714.0
2012-02-02,165.2,170.8,165.2,169.7,669091.0
2012-02-03,171.3,173.15,169.25,172.55,513742.0
2012-02-06,175.0,181.5,174.6,179.9,524513.0
2012-02-07,181.95,182.0,176.4,177.65,422132.0
2012-02-08,177.0,179.8,174.7,177.25,167299.0
2012-02-09,178.0,181.2,175.7,177.95,477930.0
2012-02-10,176.2,178.85,170.9,172.0,8189391.0
2012-02-13,168.5,172.0,167.85,169.85,175018.0
2012-02-14,170.5,172.9,169.5,170.6,143873.0
2012-02-15,171.3,174.5,170.0,171.45,289803.0
2012-02-16,172.0,173.0,169.7,170.25,118008.0
2012-02-17,170.05,174.9,168.0,173.05,395178.0
2012-02-21,173.5,176.3,171.0,171.8,137436.0
2012-02-22,172.8,172.85,163.35,165.45,1675099.0
2012-02-23,165.5,165.5,160.5,161.95,526228.0
2012-02-24,162.9,163.5,158.7,160.2,90724.0
2012-02-27,159.65,161.5,156.75,159.65,107589.0
2012-02-28,160.4,165.25,160.3,162.85,128401.0
2012-02-29,164.8,167.2,158.8,160.05,1285731.0
2012-03-01,161.8,165.95,159.5,164.15,221059.0
2012-03-02,166.05,169.5,164.5,167.85,399140.0
2012-03-05,166.7,167.5,160.5,161.9,418210.0
2012-03-06,162.0,162.5,159.0,160.7,371515.0
2012-03-07,159.9,160.8,158.4,159.9,97664.0
2012-03-09,162.0,164.4,160.5,162.65,137741.0
2012-03-12,166.0,166.0,161.05,162.1,89901.0
2012-03-13,164.5,170.25,163.1,168.05,733063.0
2012-03-14,170.0,172.1,166.55,167.45,176347.0
2012-03-15,168.0,169.8,164.45,165.4,126192.0
2012-03-16,165.3,168.75,161.85,168.05,340377.0
2012-03-19,169.4,172.25,166.05,166.85,596159.0
2012-03-20,167.9,170.0,166.5,168.7,432010.0
2012-03-21,169.0,174.9,169.0,173.65,636045.0
2012-03-22,173.5,175.75,167.3,168.4,194047.0
2012-03-23,169.0,174.65,167.65,172.8,122052.0
2012-03-26,172.0,173.5,167.25,167.85,103707.0
2012-03-27,169.0,171.4,164.2,166.75,170721.0
2012-03-28,166.65,168.5,165.0,166.85,78264.0
2012-03-29,165.5,167.55,164.2,166.5,62096.0
2012-03-30,167.5,172.95,166.75,171.25,127832.0
2012-04-02,172.25,174.0,168.5,172.35,95770.0
2012-04-03,173.6,174.45,170.0,170.85,48143.0
2012-04-04,169.35,170.35,167.5,168.05,35395.0
2012-04-09,168.0,171.4,166.1,169.2,96664.0
2012-04-10,167.3,171.5,165.05,166.4,104577.0
2012-04-11,164.4,165.4,158.2,159.6,236290.0
2012-04-12,161.1,162.85,160.1,162.1,74568.0
2012-04-13,165.0,166.0,160.5,162.4,141037.0
2012-04-16,161.65,162.25,158.0,159.3,104829.0
2012-04-17,159.0,162.85,156.0,162.15,105751.0
2012-04-18,163.5,167.5,163.0,166.1,155806.0
2012-04-19,168.0,169.2,163.1,164.75,331064.0
2012-04-20,164.05,164.35,159.1,160.7,210506.0
2012-04-23,160.0,162.75,157.55,158.2,85314.0
2012-04-24,158.2,159.35,150.25,151.55,320361.0
2012-04-25,151.45,153.8,148.9,150.1,143042.0
2012-04-26,151.6,152.9,149.5,150.55,126970.0
2012-04-27,152.3,152.6,147.9,148.65,90493.0
2012-04-30,149.0,152.4,148.1,150.9,103732.0
2012-05-02,150.7,152.6,147.35,148.45,126030.0
2012-05-03,147.05,149.45,145.65,146.3,151693.0
2012-05-04,146.0,146.1,141.1,142.35,110945.0
2012-05-07,140.8,146.55,139.6,145.55,167595.0
2012-05-08,145.5,147.5,142.6,144.9,125863.0
2012-05-09,144.0,147.9,141.9,146.5,130133.0
2012-05-10,146.5,148.0,144.0,146.15,56206.0
2012-05-11,145.0,146.5,141.35,143.95,162655.0
2012-05-14,143.5,149.55,140.2,145.5,119881.0
2012-05-15,143.95,145.95,143.3,145.45,49446.0
2012-05-16,144.0,144.0,141.35,143.15,28418.0
2012-05-17,144.0,150.0,143.3,148.65,95081.0
2012-05-18,147.25,149.5,142.7,144.25,233915.0
2012-05-21,144.9,144.95,141.8,143.05,114413.0
2012-05-22,144.0,144.7,139.1,140.2,81500.0
2012-05-23,139.0,139.25,135.6,138.0,192643.0
2012-05-24,138.0,142.95,136.75,141.9,158315.0
2012-05-25,142.1,144.45,140.5,143.6,61993.0
2012-05-28,144.5,145.4,142.85,144.95,63479.0
2012-05-29,145.9,146.95,142.7,146.2,52908.0
2012-05-30,145.7,152.8,143.95,150.7,258036.0
2012-05-31,151.15,153.6,149.3,151.05,159790.0
2012-06-01,151.95,151.95,147.4,148.25,51729.0
2012-06-04,148.0,151.25,147.0,150.05,285935.0
2012-06-05,148.45,150.5,145.1,146.1,103462.0
2012-06-06,147.0,153.1,147.0,152.55,126045.0
2012-06-07,153.8,154.2,150.5,151.0,62082.0
2012-06-08,150.0,153.4,149.0,151.05,79077.0
2012-06-11,151.5,152.4,149.5,150.55,82454.0
2012-06-12,149.0,159.6,149.0,158.3,195908.0
2012-06-13,158.3,164.65,158.0,163.55,344852.0
2012-06-14,162.85,165.2,161.4,163.4,212892.0
2012-06-15,164.0,168.4,163.4,167.8,420777.0
2012-06-18,169.0,170.6,165.05,166.05,97231.0
2012-06-19,165.0,172.3,163.0,170.75,658338.0
2012-06-20,165.6,179.45,165.55,175.45,1635792.0
2012-06-21,170.75,174.45,169.55,171.6,417777.0
2012-06-22,162.7,169.25,162.7,167.05,609214.0
2012-06-25,167.0,170.4,167.0,167.7,138042.0
2012-06-26,167.5,171.8,167.5,170.45,222982.0
2012-06-27,172.4,172.6,169.3,170.1,245461.0
2012-06-28,169.5,174.4,169.5,173.0,362211.0
2012-06-29,172.0,175.1,171.0,173.95,257947.0
2012-07-02,174.0,176.75,173.6,175.75,262832.0
2012-07-03,177.0,177.8,174.55,175.6,156197.0
2012-07-04,175.95,176.4,173.55,174.9,95896.0
2012-07-05,175.3,176.75,173.95,174.95,75552.0
2012-07-06,174.0,176.4,172.0,172.9,98099.0
2012-07-09,171.9,171.95,166.8,167.95,605116.0
2012-07-10,168.8,171.5,168.2,170.3,272345.0
2012-07-11,170.25,171.9,169.55,170.4,39383.0
2012-07-12,169.9,170.4,167.65,169.1,275300.0
2012-07-13,170.0,170.4,167.6,167.95,253854.0
2012-07-16,168.35,170.0,166.85,168.45,396624.0
2012-07-17,169.0,170.1,167.0,168.9,61698.0
2012-07-18,168.05,171.4,167.05,170.05,182275.0
2012-07-19,170.1,171.15,169.25,169.95,43445.0
2012-07-20,169.9,170.3,167.95,168.85,23908.0
2012-07-23,168.1,169.7,166.5,166.9,136705.0
2012-07-24,167.5,170.95,167.25,168.1,313545.0
2012-07-25,168.5,176.5,168.0,174.0,1513197.0
2012-07-26,175.0,180.0,175.0,179.3,2558959.0
2012-07-27,180.0,183.5,179.75,180.5,485062.0
2012-07-30,181.5,182.5,178.5,179.55,837359.0
2012-07-31,180.0,181.5,178.1,180.25,189155.0
2012-08-01,179.3,185.7,179.3,185.3,297460.0
2012-08-02,185.45,185.7,182.15,183.55,443239.0
2012-08-03,182.0,184.9,182.0,182.55,340303.0
2012-08-06,184.0,186.0,183.25,184.5,162501.0
2012-08-07,184.9,191.3,184.15,190.5,351179.0
2012-08-08,191.0,193.75,191.0,192.55,182522.0
2012-08-09,191.0,194.45,189.75,193.3,119545.0
2012-08-10,192.5,194.9,192.0,194.2,92347.0
2012-08-13,194.5,197.25,194.45,196.55,218669.0
2012-08-14,196.0,196.4,193.0,194.9,64530.0
2012-08-16,194.9,195.4,191.5,191.85,52397.0
2012-08-17,191.0,194.8,186.6,189.15,55943.0
2012-08-21,188.5,195.1,188.5,194.0,409309.0
2012-08-22,194.2,195.05,192.3,193.4,51771.0
2012-08-23,194.0,194.05,189.6,190.8,91510.0
2012-08-24,190.0,192.2,188.2,190.3,42384.0
2012-08-27,191.0,191.75,187.85,188.3,197341.0
2012-08-28,188.0,189.75,185.0,186.7,187465.0
2012-08-29,186.0,188.9,185.15,187.15,122951.0
2012-08-30,186.0,189.95,184.95,188.75,95443.0
2012-08-31,187.5,187.5,183.55,185.45,33323.0
2012-09-03,186.8,186.8,180.65,181.9,77429.0
2012-09-04,181.25,182.65,178.6,181.55,77311.0
2012-09-05,179.9,181.75,177.4,180.4,79620.0
2012-09-06,180.2,189.8,180.0,188.6,285260.0
2012-09-07,190.9,192.5,187.3,189.5,94959.0
2012-09-10,190.9,191.85,188.15,189.6,72172.0
2012-09-11,189.25,192.25,187.7,190.75,121648.0
2012-09-12,191.0,194.3,190.2,191.25,124776.0
2012-09-13,193.45,193.45,189.55,190.95,74987.0
2012-09-14,193.0,197.5,192.0,197.05,182733.0
2012-09-17,197.0,198.9,191.6,193.0,181346.0
2012-09-18,193.0,193.0,190.2,192.15,71369.0
2012-09-20,189.7,194.3,189.55,191.5,129568.0
2012-09-21,190.1,195.9,190.0,195.2,118951.0
2012-09-24,193.0,194.9,192.0,193.7,67542.0
2012-09-25,193.9,197.05,192.65,194.8,81750.0
2012-09-26,194.6,203.0,193.3,202.4,604150.0
2012-09-27,205.0,205.8,199.25,201.4,515038.0
2012-09-28,203.0,204.45,200.9,201.95,206409.0
2012-10-01,202.75,210.1,202.25,209.15,475639.0
2012-10-03,212.0,215.95,210.6,214.2,1003020.0
2012-10-04,216.5,220.2,215.15,217.35,512979.0
2012-10-05,219.1,220.7,209.4,216.0,255139.0
2012-10-08,215.0,216.0,208.6,209.4,266829.0
2012-10-09,210.0,213.5,208.05,210.45,139935.0
2012-10-10,210.7,214.4,209.25,209.65,355327.0
2012-10-11,210.8,212.2,207.6,209.2,293487.0
2012-10-12,209.0,217.4,209.0,214.95,602408.0
2012-10-15,214.0,218.4,213.1,214.6,292727.0
2012-10-16,215.9,216.9,209.0,209.4,139318.0
2012-10-17,210.45,211.0,202.55,203.2,373564.0
2012-10-18,205.85,207.8,201.6,203.6,581227.0
2012-10-19,204.4,208.25,203.25,206.45,597384.0
2012-10-22,206.8,206.8,201.9,203.7,132130.0
2012-10-23,204.0,206.55,202.05,203.0,95027.0
2012-10-25,202.35,207.2,201.0,205.85,138060.0
2012-10-26,205.85,209.1,204.55,208.2,169778.0
2012-10-29,209.8,211.25,208.05,209.7,98999.0
2012-10-30,209.25,210.55,202.7,203.25,74655.0
2012-10-31,204.0,205.0,200.0,202.7,81068.0
2012-11-01,202.4,204.5,200.25,204.0,106826.0
2012-11-02,205.9,209.0,205.9,207.5,102183.0
2012-11-05,207.4,210.75,205.75,209.85,131432.0
2012-11-06,210.9,215.5,210.0,214.9,270949.0
2012-11-07,215.0,218.75,215.0,217.9,233498.0
2012-11-08,215.05,219.5,215.05,217.25,121758.0
2012-11-09,218.9,218.9,213.2,214.05,53279.0
2012-11-12,215.3,216.05,210.25,211.4,43912.0
2012-11-15,209.6,214.5,202.0,207.05,114621.0
2012-11-16,208.45,208.5,201.0,202.9,80176.0
2012-11-19,202.9,202.9,197.1,199.4,144807.0
2012-11-20,201.0,203.1,194.2,195.7,208079.0
2012-11-21,196.75,200.9,194.65,199.5,68724.0
2012-11-22,201.0,204.2,198.1,201.9,148276.0
2012-11-23,203.0,204.0,201.15,202.8,75415.0
2012-11-26,203.0,203.4,199.9,200.65,60510.0
2012-11-27,201.5,206.4,201.5,205.5,90237.0
2012-11-29,205.45,209.0,204.35,207.5,64134.0
2012-11-30,207.65,208.4,205.0,207.7,89078.0
2012-12-03,205.15,211.9,205.15,209.65,100947.0
2012-12-04,210.0,211.45,204.7,205.75,129566.0
2012-12-05,207.0,208.3,205.5,207.15,105079.0
2012-12-06,207.5,209.0,203.6,206.65,194948.0
2012-12-07,206.0,209.7,205.05,206.25,101636.0
2012-12-10,206.0,207.8,201.9,206.55,128673.0
2012-12-11,206.25,214.45,206.25,211.55,270384.0
2012-12-12,212.5,213.4,208.9,210.7,117914.0
2012-12-13,212.5,213.85,203.15,206.15,184685.0
2012-12-14,206.0,210.8,202.2,206.7,125594.0
2012-12-17,207.0,207.7,201.8,204.35,572573.0
2012-12-18,205.0,207.0,203.0,206.05,133500.0
2012-12-19,207.35,212.0,206.5,211.1,139441.0
2012-12-20,211.5,212.0,204.15,205.2,141499.0
2012-12-21,204.3,204.45,198.8,199.65,170422.0
2012-12-24,199.5,201.7,198.25,200.3,101552.0
2012-12-26,201.0,203.7,200.55,201.2,169107.0
2012-12-27,202.3,203.75,198.8,199.65,95881.0
2012-12-28,199.7,203.6,199.7,200.95,224629.0
2012-12-31,201.8,203.35,200.55,200.95,300240.0
2013-01-01,201.05,203.85,201.05,201.65,90517.0
2013-01-02,202.75,205.75,202.75,204.25,126890.0
2013-01-03,204.95,208.25,204.35,206.05,209031.0
2013-01-04,205.5,208.1,202.55,205.9,206720.0
2013-01-07,205.9,207.15,202.35,203.3,176223.0
2013-01-08,203.4,205.95,201.25,202.05,132943.0
2013-01-09,202.95,203.1,196.05,197.1,142710.0
2013-01-10,197.5,198.0,191.75,192.1,287091.0
2013-01-11,191.75,193.0,185.0,186.45,204600.0
2013-01-14,186.5,191.4,184.6,190.55,223534.0
2013-01-15,190.55,199.1,190.0,197.85,394096.0
2013-01-16,197.5,202.0,196.0,197.5,249041.0
2013-01-17,198.45,200.9,196.65,199.6,343784.0
2013-01-18,200.0,200.5,196.5,198.05,117553.0
2013-01-21,198.0,200.35,194.5,199.6,269106.0
2013-01-22,199.0,201.3,196.85,198.0,224912.0
2013-01-23,198.8,199.0,196.2,197.0,123256.0
2013-01-24,198.0,200.0,196.05,196.75,263546.0
2013-01-25,196.75,199.9,193.5,198.75,101322.0
2013-01-28,197.0,200.0,194.6,197.0,184857.0
2013-01-29,195.55,199.4,195.55,196.75,142939.0
2013-01-30,195.95,202.0,195.95,200.2,133716.0
2013-01-31,201.45,203.65,200.2,202.3,228101.0
2013-02-01,203.65,205.2,198.0,199.15,182438.0
2013-02-04,200.0,201.05,195.5,196.7,108540.0
2013-02-05,192.8,202.9,191.55,201.55,174430.0
2013-02-06,202.0,206.1,202.0,205.55,285650.0
2013-02-07,205.5,205.75,199.15,200.05,136420.0
2013-02-08,193.4,196.0,188.35,189.85,349813.0
2013-02-11,190.5,191.45,186.05,188.55,117279.0
2013-02-12,188.35,189.7,186.7,188.95,102622.0
2013-02-13,189.85,193.6,189.05,189.95,96869.0
2013-02-14,190.7,192.15,188.15,190.5,43449.0
2013-02-15,189.4,192.75,188.1,192.0,67158.0
2013-02-18,190.0,193.7,188.15,190.7,80814.0
2013-02-19,190.65,194.8,190.4,193.65,83644.0
2013-02-20,194.0,199.9,193.95,199.25,136613.0
2013-02-21,199.05,199.65,195.5,196.8,251788.0
2013-02-22,195.5,199.35,195.2,197.85,127920.0
2013-02-25,197.95,201.8,197.95,199.8,128317.0
2013-02-26,197.5,199.5,195.7,197.25,68636.0
2013-02-27,198.5,199.0,195.15,197.3,76478.0
2013-02-28,199.4,199.6,189.55,191.85,138572.0
2013-03-01,191.05,194.8,190.0,192.25,112564.0
2013-03-04,191.5,192.0,182.1,186.7,148083.0
2013-03-05,185.5,195.8,185.15,194.65,156844.0
2013-03-06,195.2,195.45,191.3,192.3,87330.0
2013-03-07,191.8,192.2,188.2,190.25,93087.0
2013-03-08,191.95,192.0,187.0,187.6,98407.0
2013-03-11,187.4,188.45,185.1,187.4,95140.0
2013-03-12,188.45,191.4,187.25,189.95,135084.0
2013-03-13,190.45,190.45,187.55,187.75,49674.0
2013-03-14,187.1,191.0,187.1,190.4,114760.0
2013-03-15,191.8,192.45,186.55,187.95,494362.0
2013-03-18,186.0,187.95,181.25,181.75,148303.0
2013-03-19,181.35,183.75,178.5,178.9,116604.0
2013-03-20,179.95,179.95,173.0,175.6,165107.0
2013-03-21,175.5,177.8,167.75,168.8,197861.0
2013-03-22,168.8,177.0,168.8,175.7,128007.0
2013-03-25,177.5,179.75,171.75,173.2,96112.0
2013-03-26,172.5,174.2,166.15,168.65,90063.0
2013-03-28,168.45,175.5,167.3,173.45,137255.0
2013-04-01,175.0,177.4,172.7,174.4,135055.0
2013-04-02,174.95,178.15,174.95,177.0,93231.0
2013-04-03,177.05,177.3,170.05,171.25,85893.0
2013-04-04,170.0,171.9,167.0,167.55,65336.0
2013-04-05,167.7,168.2,162.5,164.3,140915.0
2013-04-08,163.05,169.5,163.05,168.2,81885.0
2013-04-09,170.0,174.0,167.75,169.0,146401.0
2013-04-10,171.25,171.25,166.55,169.95,93891.0
2013-04-11,171.45,173.6,169.4,170.8,61594.0
2013-04-12,169.05,176.05,169.05,175.45,70574.0
2013-04-15,174.5,177.4,172.0,175.15,89941.0
2013-04-16,174.7,180.85,173.0,180.05,132198.0
2013-04-17,180.45,188.0,180.0,187.25,157630.0
2013-04-18,186.7,189.7,184.8,188.75,98353.0
2013-04-22,188.2,190.8,186.5,187.9,64025.0
2013-04-23,186.45,187.3,183.7,186.0,68456.0
2013-04-25,186.0,193.6,186.0,190.55,247344.0
2013-04-26,190.9,192.75,186.6,187.7,76606.0
2013-04-29,187.05,187.5,183.7,185.65,37015.0
2013-04-30,185.5,187.9,182.5,186.45,125861.0
2013-05-02,185.75,191.25,185.75,190.0,130915.0
2013-05-03,191.9,194.95,186.45,188.2,447790.0
2013-05-06,187.5,190.25,185.5,186.4,92659.0
2013-05-07,187.0,187.3,184.05,186.0,262819.0
2013-05-08,186.5,187.0,181.3,183.9,644157.0
2013-05-09,184.5,188.0,182.75,186.7,108447.0
2013-05-10,186.9,189.9,186.6,189.05,90761.0
2013-05-13,188.0,190.0,185.5,186.1,61058.0
2013-05-14,186.55,187.0,183.35,186.1,140208.0
2013-05-15,186.1,186.95,184.6,186.4,427301.0
2013-05-16,185.0,188.0,185.0,186.6,674844.0
2013-05-17,187.0,192.4,186.45,190.45,374537.0
2013-05-20,191.0,192.1,187.4,188.2,377472.0
2013-05-21,188.05,188.05,184.65,185.7,158495.0
2013-05-22,186.5,187.0,183.15,186.35,216568.0
2013-05-23,184.3,186.35,182.0,185.0,143055.0
2013-05-24,185.0,186.5,183.0,185.55,86091.0
2013-05-27,185.95,186.0,183.5,185.6,58662.0
2013-05-28,184.25,185.8,183.2,185.0,258912.0
2013-05-29,184.0,184.85,182.7,183.85,69083.0
2013-05-30,183.05,184.05,181.6,182.35,77299.0
2013-05-31,183.0,185.15,178.1,183.25,136758.0
2013-06-03,183.5,183.5,177.0,178.8,92822.0
2013-06-04,179.7,181.0,174.15,174.9,73765.0
2013-06-05,174.7,176.5,170.0,171.5,113839.0
2013-06-06,170.05,176.7,169.4,174.95,103053.0
2013-06-07,173.0,176.4,171.65,171.95,117646.0
2013-06-10,173.55,173.85,171.35,173.0,76782.0
2013-06-11,172.35,176.5,170.1,175.65,142533.0
2013-06-12,174.9,175.35,171.3,174.15,81115.0
2013-06-13,172.55,176.5,171.15,175.0,189518.0
2013-06-14,176.95,179.0,174.95,178.0,2236649.0
2013-06-17,179.0,180.4,175.9,179.3,487750.0
2013-06-18,179.0,179.9,176.0,178.95,1604454.0
2013-06-19,178.25,184.9,178.0,183.65,213816.0
2013-06-20,182.4,185.35,177.0,184.0,330036.0
2013-06-21,183.1,187.0,180.75,186.3,506135.0
2013-06-24,185.0,185.6,179.95,180.55,421402.0
2013-06-25,179.85,184.9,177.5,183.45,217669.0
2013-06-26,183.55,183.7,176.65,177.6,108368.0
2013-06-27,180.0,183.25,178.5,181.3,269095.0
2013-06-28,182.0,188.0,182.0,186.7,93126.0
2013-07-01,185.75,191.0,185.75,189.15,251789.0
2013-07-02,187.75,188.95,185.65,187.65,179436.0
2013-07-03,187.55,189.95,184.75,188.3,167517.0
2013-07-04,189.0,192.0,182.0,187.85,106212.0
2013-07-05,189.8,190.9,189.1,189.9,78021.0
2013-07-08,189.0,193.5,186.65,192.75,133709.0
2013-07-09,192.8,195.0,192.2,194.5,92286.0
2013-07-10,195.0,195.75,192.2,193.8,96873.0
2013-07-11,194.6,198.4,194.6,196.95,137436.0
2013-07-12,196.35,197.4,193.4,196.7,56037.0
2013-07-15,195.0,198.0,194.0,197.25,143164.0
2013-07-16,194.4,201.0,194.4,200.35,194985.0
2013-07-17,200.75,206.4,200.75,205.5,268357.0
2013-07-18,205.95,211.9,199.0,210.9,206938.0
2013-07-19,208.8,211.0,204.75,207.55,174619.0
2013-07-22,207.0,207.0,195.65,198.65,237192.0
2013-07-23,199.75,199.75,194.35,196.85,456832.0
2013-07-24,195.0,195.0,186.5,191.1,385732.0
2013-07-25,172.0,176.85,163.2,171.0,2031097.0
2013-07-26,170.75,184.0,170.3,178.85,858731.0
2013-07-29,179.5,179.5,168.65,171.45,191712.0
2013-07-30,170.2,170.25,166.5,167.7,143817.0
2013-07-31,168.0,169.85,164.1,167.3,207889.0
2013-08-01,168.0,173.1,163.25,167.4,234667.0
2013-08-02,168.0,173.5,167.4,171.15,173850.0
2013-08-05,171.25,179.2,171.25,177.55,186103.0
2013-08-06,177.0,184.8,176.0,178.55,152299.0
2013-08-07,178.7,181.85,175.5,177.25,179122.0
2013-08-08,178.0,182.55,177.8,178.55,107993.0
2013-08-12,179.0,180.7,177.3,178.6,53255.0
2013-08-13,178.0,178.0,172.5,174.25,125656.0
2013-08-14,173.05,178.35,172.05,176.75,157615.0
2013-08-16,175.1,177.85,171.0,173.35,137288.0
2013-08-19,172.0,172.85,163.0,164.6,121078.0
2013-08-20,162.9,163.55,159.75,162.45,96484.0
2013-08-21,162.1,164.55,154.15,155.45,152207.0
2013-08-22,154.45,158.9,150.0,157.9,146376.0
2013-08-23,160.0,160.5,154.2,159.45,119924.0
2013-08-26,158.15,166.65,158.15,163.5,117713.0
2013-08-27,164.0,171.45,158.0,159.35,269021.0
2013-08-28,158.0,163.1,147.55,159.35,456820.0
2013-08-29,158.15,167.55,153.05,164.0,311955.0
2013-08-30,162.0,173.8,158.75,170.8,210056.0
2013-09-02,170.7,174.0,168.0,170.2,166663.0
2013-09-03,170.0,171.0,165.25,168.2,140717.0
2013-09-04,168.2,171.4,163.2,169.75,266179.0
2013-09-05,170.5,176.5,168.55,170.3,226190.0
2013-09-06,167.2,174.9,167.0,172.25,196373.0
2013-09-10,173.0,188.3,172.75,185.8,153501.0
2013-09-11,185.85,187.85,181.0,185.6,220205.0
2013-09-12,187.0,187.9,179.15,180.6,98619.0
2013-09-13,180.1,184.0,179.0,180.3,93606.0
2013-09-16,181.0,184.65,177.5,178.7,83478.0
2013-09-17,178.0,180.95,176.9,178.85,46246.0
2013-09-18,179.0,180.1,175.65,179.5,135557.0
2013-09-19,182.0,192.3,182.0,187.65,257220.0
2013-09-20,187.0,193.9,183.2,192.9,145955.0
2013-09-23,190.6,195.7,188.65,190.05,93299.0
2013-09-24,189.3,193.65,188.25,189.55,60705.0
2013-09-25,189.5,191.5,186.6,188.85,46450.0
2013-09-26,189.7,192.5,183.6,184.7,151915.0
2013-09-27,184.5,187.8,183.4,184.4,70103.0
2013-09-30,184.0,185.5,181.25,183.15,87021.0
2013-10-01,182.0,184.45,178.4,180.2,95516.0
2013-10-03,181.0,191.5,181.0,190.45,146460.0
2013-10-04,190.5,192.7,188.5,189.5,127675.0
2013-10-07,189.0,193.15,187.0,192.35,88283.0
2013-10-08,193.0,196.7,192.0,194.15,95609.0
2013-10-09,193.45,197.0,191.5,195.9,79276.0
2013-10-10,195.0,198.3,195.0,196.45,78213.0
2013-10-11,197.0,198.35,193.5,194.5,75855.0
2013-10-14,194.0,200.7,192.3,199.55,131351.0
2013-10-15,199.15,200.15,195.4,197.85,48206.0
2013-10-17,196.0,201.0,195.3,196.2,88859.0
2013-10-18,197.0,198.75,195.0,197.95,212217.0
2013-10-21,196.5,204.55,194.1,198.15,883214.0
2013-10-22,197.0,198.75,193.7,196.15,102557.0
2013-10-23,194.8,198.3,192.45,196.65,245913.0
2013-10-24,191.5,195.4,191.5,193.95,314060.0
2013-10-25,191.0,196.0,191.0,191.75,99437.0
2013-10-28,190.5,193.75,189.25,190.1,57313.0
2013-10-29,189.95,195.55,189.5,195.0,145850.0
2013-10-30,195.0,197.1,191.4,192.7,116971.0
2013-10-31,192.0,192.6,187.0,188.45,155639.0
2013-11-01,189.0,190.5,187.3,188.05,107439.0
2013-11-05,188.45,190.35,185.5,186.55,78655.0
2013-11-06,185.6,186.5,180.1,180.6,166449.0
2013-11-07,180.65,184.3,178.65,180.25,96910.0
2013-11-08,179.5,182.2,176.3,176.95,111931.0
2013-11-11,176.7,176.7,173.0,173.5,84804.0
2013-11-12,173.3,176.3,172.0,172.8,100847.0
2013-11-13,172.0,176.85,171.5,175.6,136973.0
2013-11-14,177.0,177.45,173.85,176.35,80454.0
2013-11-18,177.0,179.8,175.0,179.2,98786.0
2013-11-19,180.0,180.95,177.7,178.7,62407.0
2013-11-20,179.4,180.9,174.2,177.2,88341.0
2013-11-21,176.0,176.5,170.65,171.45,103547.0
2013-11-22,171.5,176.0,171.0,174.45,134586.0
2013-11-25,176.0,180.1,175.0,179.35,178672.0
2013-11-26,178.5,180.25,177.05,177.95,68168.0
2013-11-27,178.0,179.9,177.5,178.85,70738.0
2013-11-28,179.15,183.7,175.75,182.55,1181647.0
2013-11-29,183.1,186.0,182.55,185.35,92225.0
2013-12-02,186.0,187.95,183.7,184.55,52566.0
2013-12-03,184.75,188.0,183.45,186.3,85043.0
2013-12-04,185.5,185.7,183.2,183.8,34621.0
2013-12-05,184.25,187.8,184.25,185.9,52919.0
2013-12-06,185.8,186.55,184.25,185.2,25892.0
2013-12-09,187.1,194.0,186.6,193.3,154217.0
2013-12-10,194.0,195.85,189.1,189.65,97962.0
2013-12-11,189.0,190.6,187.3,188.1,51380.0
2013-12-12,187.0,187.0,181.3,182.3,77304.0
2013-12-13,181.05,183.4,178.3,179.0,75374.0
2013-12-16,178.6,178.6,174.0,175.35,89636.0
2013-12-17,176.0,178.1,174.8,175.9,54744.0
2013-12-18,176.6,180.25,175.0,179.8,76874.0
2013-12-19,179.0,180.8,175.6,175.95,47644.0
2013-12-20,175.0,180.45,174.0,179.75,91284.0
2013-12-23,181.0,183.8,179.0,179.5,65805.0
2013-12-24,179.0,184.0,178.55,181.3,68926.0
2013-12-26,180.5,184.85,180.2,183.65,71658.0
2013-12-27,184.0,185.5,183.4,184.65,51448.0
2013-12-30,185.0,185.45,180.55,181.45,42705.0
2013-12-31,181.5,183.0,181.0,182.75,37751.0
2014-01-01,183.1,184.5,182.2,183.7,33749.0
2014-01-02,183.1,184.7,178.6,179.45,80147.0
2014-01-03,178.0,179.45,177.0,177.7,34931.0
2014-01-06,177.25,178.3,175.85,176.45,57914.0
2014-01-07,176.1,178.0,174.85,175.15,72403.0
2014-01-08,175.9,176.8,174.55,174.9,61428.0
2014-01-09,175.9,176.1,170.5,171.0,64750.0
2014-01-10,172.0,172.3,166.65,167.85,87426.0
2014-01-13,168.5,171.0,161.6,170.15,107413.0
2014-01-14,170.1,171.0,167.25,168.1,46048.0
2014-01-15,168.6,170.7,166.95,170.1,63839.0
2014-01-16,170.0,172.4,168.75,169.45,52192.0
2014-01-17,169.55,172.4,168.85,169.85,60006.0
2014-01-20,169.05,172.3,169.05,172.05,52503.0
2014-01-21,172.95,172.95,170.15,171.15,36693.0
2014-01-22,170.2,171.55,169.2,171.0,36074.0
2014-01-23,170.95,173.0,170.5,171.15,70397.0
2014-01-24,170.7,171.0,163.0,163.55,128368.0
2014-01-27,161.7,162.0,157.05,157.7,98496.0
2014-01-28,156.3,159.6,156.1,158.5,76009.0
2014-01-29,160.0,161.8,158.2,158.75,67118.0
2014-01-30,156.5,159.35,154.9,157.0,107650.0
2014-01-31,158.0,160.3,157.35,159.3,118004.0
2014-02-03,160.95,162.0,154.7,155.5,74925.0
2014-02-04,154.0,156.9,153.05,155.95,100460.0
2014-02-05,156.0,157.35,153.0,155.05,97996.0
2014-02-06,156.05,156.7,152.1,155.8,276141.0
2014-02-07,155.55,163.75,155.0,162.8,305099.0
2014-02-10,163.7,164.7,161.5,162.25,81635.0
2014-02-11,161.2,163.5,160.0,160.9,69221.0
2014-02-12,160.0,160.4,158.2,158.5,59092.0
2014-02-13,158.6,158.95,153.25,154.25,70418.0
2014-02-14,154.7,154.7,150.5,151.4,101764.0
2014-02-17,151.9,153.5,150.75,151.3,68071.0
2014-02-18,151.15,153.65,150.75,152.9,1052459.0
2014-02-19,153.6,155.0,153.1,154.6,68898.0
2014-02-20,153.75,154.45,152.0,152.6,51534.0
2014-02-21,153.8,162.7,151.55,161.9,340052.0
2014-02-24,162.4,164.7,159.0,159.95,265885.0
2014-02-25,161.3,165.45,161.3,163.9,127628.0
2014-02-26,164.0,167.6,162.55,165.5,157466.0
2014-02-28,165.5,169.1,164.35,167.35,81910.0
2014-03-03,167.45,168.4,165.75,167.75,60733.0
2014-03-04,167.0,169.8,166.55,168.8,69584.0
2014-03-05,168.45,169.95,163.5,169.35,119218.0
2014-03-06,168.6,174.3,168.6,173.9,246509.0
2014-03-07,174.05,186.1,174.05,181.6,311151.0
2014-03-10,181.6,185.35,180.0,182.2,166681.0
2014-03-11,182.1,187.3,180.65,184.0,184033.0
2014-03-12,183.05,184.8,178.15,180.45,70523.0
2014-03-13,180.5,184.8,180.0,180.65,55046.0
2014-03-14,180.0,182.5,176.0,181.45,101096.0
2014-03-18,181.0,185.85,181.0,183.75,117569.0
2014-03-19,185.0,189.9,184.1,189.4,163938.0
2014-03-20,189.2,189.2,182.55,183.05,65053.0
2014-03-21,182.25,185.8,181.7,184.55,87669.0
2014-03-24,184.0,188.1,184.0,186.3,126884.0
2014-03-25,184.0,186.55,182.1,183.1,42131.0
2014-03-26,182.45,188.8,182.45,186.35,98854.0
2014-03-27,186.0,193.0,185.05,192.05,151159.0
2014-03-28,193.6,199.95,193.25,198.75,214224.0
2014-03-31,199.0,202.75,198.05,201.15,241188.0
2014-04-01,200.0,203.95,197.75,202.35,205172.0
2014-04-02,203.0,203.45,198.0,200.45,109388.0
2014-04-03,201.05,205.5,200.35,204.85,201433.0
2014-04-04,204.75,206.0,201.7,203.25,63729.0
2014-04-07,202.5,209.2,202.05,208.75,203700.0
2014-04-09,209.0,211.8,208.0,210.1,111410.0
2014-04-10,211.0,215.8,209.0,212.55,228126.0
2014-04-11,211.0,216.85,210.55,216.35,366601.0
2014-04-15,217.5,218.45,211.85,213.95,102536.0
2014-04-16,214.6,216.45,206.4,207.6,396571.0
2014-04-17,209.0,218.0,208.2,215.95,347034.0
2014-04-21,216.0,217.7,211.85,215.9,167740.0
2014-04-22,216.0,216.0,210.25,214.65,81312.0
2014-04-23,215.0,220.0,213.2,218.75,206734.0
2014-04-25,219.5,220.05,207.6,209.0,192386.0
2014-04-28,208.05,210.05,199.6,200.15,329861.0
2014-04-29,201.6,204.85,198.5,202.4,157700.0
2014-04-30,204.8,205.0,196.25,197.45,102180.0
2014-05-02,197.5,202.3,197.5,201.3,81031.0
2014-05-05,201.6,204.0,200.85,202.25,44251.0
2014-05-06,203.5,204.35,198.05,199.0,82912.0
2014-05-07,197.9,198.5,194.0,194.75,81382.0
2014-05-08,194.55,195.3,192.35,193.05,64316.0
2014-05-09,193.0,207.75,192.35,207.05,192698.0
2014-05-12,207.1,212.5,207.0,211.3,237179.0
2014-05-13,213.0,222.35,213.0,221.55,400077.0
2014-05-14,220.6,224.65,219.3,223.55,237675.0
2014-05-15,223.0,225.95,217.4,219.2,242133.0
2014-05-16,220.5,241.0,220.5,224.65,655843.0
2014-05-19,227.0,228.0,218.15,219.6,225821.0
2014-05-20,221.0,223.0,215.2,217.3,267916.0
2014-05-21,216.0,221.05,211.5,214.4,224186.0
2014-05-22,216.7,220.5,213.7,214.55,204033.0
2014-05-23,216.3,218.5,210.9,213.5,186048.0
2014-05-26,214.9,223.8,204.65,209.8,378307.0
2014-05-27,210.0,212.2,202.5,208.2,209891.0
2014-05-28,210.1,220.0,209.4,219.35,238362.0
2014-05-29,219.5,221.3,212.55,214.35,192383.0
2014-05-30,213.8,218.0,212.0,217.3,127286.0
2014-06-02,218.0,224.1,218.0,223.25,216925.0
2014-06-03,224.95,232.9,222.9,231.15,321627.0
2014-06-04,232.0,232.7,228.25,229.6,161895.0
2014-06-05,230.0,235.3,228.5,229.85,228101.0
2014-06-06,232.0,232.45,227.75,230.25,147246.0
2014-06-09,231.0,243.85,231.0,237.8,451309.0
2014-06-10,238.0,238.0,228.4,230.55,186462.0
2014-06-11,231.0,231.0,224.55,227.8,156423.0
2014-06-12,227.3,229.35,223.8,225.5,75533.0
2014-06-13,225.3,232.4,221.3,222.8,241906.0
2014-06-16,222.8,224.95,218.15,222.5,93297.0
2014-06-17,222.0,227.0,220.7,225.1,174487.0
2014-06-18,226.95,228.95,220.5,221.65,186213.0
2014-06-19,224.7,225.75,218.0,219.35,182184.0
2014-06-20,220.0,221.0,216.7,218.1,81884.0
2014-06-23,218.0,225.0,216.6,222.7,146802.0
2014-06-24,222.0,225.0,220.8,222.55,117434.0
2014-06-25,223.7,223.95,219.5,220.95,166182.0
2014-06-26,221.3,223.25,217.2,219.0,243820.0
2014-06-27,219.8,221.8,215.3,216.25,109556.0
2014-06-30,216.8,221.3,215.5,220.7,97366.0
2014-07-01,222.0,225.5,220.85,223.8,125208.0
2014-07-02,225.0,226.7,224.5,225.45,108452.0
2014-07-03,227.0,227.0,221.0,224.6,37017.0
2014-07-04,225.0,227.8,220.15,223.7,133742.0
2014-07-07,223.7,226.3,221.5,223.75,83596.0
2014-07-08,223.6,227.65,217.2,218.25,92725.0
2014-07-09,219.1,222.35,215.5,217.9,115978.0
2014-07-10,218.9,224.8,215.6,219.4,188548.0
2014-07-11,220.05,221.9,212.8,214.8,114792.0
2014-07-14,215.0,216.95,212.2,215.15,76142.0
2014-07-15,216.5,220.7,215.4,219.4,45931.0
2014-07-16,219.65,223.7,215.35,221.8,86097.0
2014-07-17,223.0,225.6,222.0,224.55,123216.0
2014-07-18,223.3,224.0,219.4,220.3,100403.0
2014-07-21,220.0,223.3,218.6,220.8,133614.0
2014-07-22,225.0,225.0,220.3,222.65,96551.0
2014-07-23,224.7,224.7,215.1,216.3,137086.0
2014-07-24,217.45,220.2,216.0,218.3,139082.0
2014-07-25,220.0,222.0,210.5,212.25,602309.0
2014-07-28,211.9,212.0,205.1,205.95,155969.0
2014-07-30,206.1,210.05,202.65,209.3,135098.0
2014-07-31,208.05,212.0,205.75,206.45,144782.0
2014-08-01,206.35,208.8,202.6,203.9,152282.0
2014-08-04,201.55,205.15,201.55,204.3,76128.0
2014-08-05,205.95,213.9,204.7,212.8,158895.0
2014-08-06,213.0,213.0,207.0,208.25,93875.0
2014-08-07,208.0,212.0,207.7,210.45,115392.0
2014-08-08,209.95,209.95,202.95,203.65,101415.0
2014-08-11,205.0,206.5,204.6,205.2,58149.0
2014-08-12,207.0,209.8,205.25,208.75,151539.0
2014-08-13,210.0,210.0,203.6,205.75,154914.0
2014-08-14,205.75,212.5,205.55,210.9,119797.0
2014-08-18,210.8,215.55,210.2,214.1,123502.0
2014-08-19,215.0,217.85,214.45,216.6,172287.0
2014-08-20,217.05,218.4,214.55,215.45,110641.0
2014-08-21,215.2,216.5,212.25,213.65,84306.0
2014-08-22,214.5,215.0,210.6,211.3,132992.0
2014-08-25,211.6,214.7,210.65,212.3,97012.0
2014-08-26,211.15,212.3,207.85,208.85,58563.0
2014-08-27,210.05,210.05,205.8,206.75,79510.0
2014-08-28,207.0,208.75,206.05,206.3,78837.0
2014-09-01,206.5,209.5,206.5,208.5,67844.0
2014-09-02,209.4,216.35,208.85,215.8,1601878.0
2014-09-03,217.0,217.45,213.7,214.35,182373.0
2014-09-04,215.0,215.0,208.6,211.95,123827.0
2014-09-05,212.9,214.7,210.75,212.7,113146.0
2014-09-08,213.7,220.35,212.85,219.45,218128.0
2014-09-09,220.0,221.2,216.7,219.1,213396.0
2014-09-10,219.0,219.25,216.0,216.95,93599.0
2014-09-11,217.0,218.6,213.0,215.35,151206.0
2014-09-12,215.15,215.95,213.0,214.7,62531.0
2014-09-15,214.0,214.0,210.05,210.75,59843.0
2014-09-16,210.5,212.95,205.2,206.6,121264.0
2014-09-17,208.9,209.7,206.0,209.2,93586.0
2014-09-18,210.0,214.0,208.05,213.2,89562.0
2014-09-19,213.0,216.6,211.5,215.0,255462.0
2014-09-22,214.75,216.45,211.8,214.2,99385.0
2014-09-23,214.0,215.0,211.95,213.7,263918.0
2014-09-24,216.9,216.9,209.8,212.1,328388.0
2014-09-25,212.5,213.2,205.8,207.65,332154.0
2014-09-26,206.05,213.45,205.5,211.85,114880.0
2014-09-29,212.75,215.5,210.5,214.75,98860.0
2014-09-30,214.5,216.0,212.0,213.7,102779.0
2014-10-01,213.0,214.15,210.0,210.6,62570.0
2014-10-07,208.8,210.6,207.15,209.2,72818.0
2014-10-08,208.7,211.75,207.0,208.25,117965.0
2014-10-09,210.45,216.4,210.0,215.3,80916.0
2014-10-10,213.4,215.45,211.35,211.8,98662.0
2014-10-13,211.7,211.7,207.3,208.85,46250.0
2014-10-14,210.4,212.5,207.95,208.55,63772.0
2014-10-16,207.75,209.45,203.9,205.35,70145.0
2014-10-17,206.5,208.95,204.4,207.65,88132.0
2014-10-20,209.0,213.8,209.0,212.95,54958.0
2014-10-21,214.7,214.9,212.2,213.45,294327.0
2014-10-22,214.3,217.75,214.3,216.6,100734.0
2014-10-27,217.9,222.25,216.85,221.2,144990.0
2014-10-28,221.5,225.85,220.85,224.05,154755.0
2014-10-29,225.05,226.7,223.25,225.65,107025.0
2014-10-30,228.0,228.45,222.7,223.9,202369.0
2014-10-31,227.85,228.3,224.75,227.45,195808.0
2014-11-03,228.8,229.05,226.1,227.6,98580.0
2014-11-05,227.95,228.0,221.3,223.0,91307.0
2014-11-07,224.8,228.0,221.25,222.55,104376.0
2014-11-10,222.6,223.9,219.6,221.55,122115.0
2014-11-11,221.95,225.95,221.0,225.35,68287.0
2014-11-12,226.9,230.3,226.6,229.5,200539.0
2014-11-13,230.0,231.25,224.0,226.55,67724.0
2014-11-14,225.3,230.5,224.0,229.75,96191.0
2014-11-17,230.95,230.95,223.5,227.5,81501.0
2014-11-18,226.15,229.5,225.6,226.45,45706.0
2014-11-19,226.55,228.45,222.0,222.3,50340.0
2014-11-20,223.0,223.0,218.0,221.65,58372.0
2014-11-21,220.35,226.4,220.35,225.95,82335.0
2014-11-24,226.9,230.3,225.9,229.35,129135.0
2014-11-25,229.55,230.9,223.0,227.85,70726.0
2014-11-26,227.5,230.4,225.6,228.85,88531.0
2014-11-27,229.05,230.0,225.0,225.7,58456.0
2014-11-28,227.0,232.5,224.6,229.85,137780.0
2014-12-01,230.0,233.25,228.55,229.95,76927.0
2014-12-02,229.95,231.15,226.2,228.55,135008.0
2014-12-03,228.6,230.95,227.05,229.45,79452.0
2014-12-04,230.9,231.15,227.35,229.95,117157.0
2014-12-05,227.0,237.7,227.0,236.95,217721.0
2014-12-08,239.0,239.75,215.0,231.25,246418.0
2014-12-09,230.85,231.05,225.0,226.05,137064.0
2014-12-10,227.0,228.0,223.1,225.7,59418.0
2014-12-11,225.0,226.25,222.35,223.1,36036.0
2014-12-12,228.0,228.1,223.3,225.9,73891.0
2014-12-15,224.7,229.7,224.05,228.4,73869.0
2014-12-16,227.0,228.75,218.45,219.2,104352.0
2014-12-17,219.0,224.5,215.3,220.2,65245.0
2014-12-18,222.0,225.5,221.6,223.4,49836.0
2014-12-19,224.55,227.55,221.9,224.85,91474.0
2014-12-22,225.0,229.35,224.5,228.35,104462.0
2014-12-23,228.0,229.65,226.05,227.4,44729.0
2014-12-24,227.3,231.65,226.05,227.1,97487.0
2014-12-26,228.3,229.65,224.2,226.0,42924.0
2014-12-29,228.7,231.35,227.1,230.05,62608.0
2014-12-30,230.0,231.2,229.05,229.85,53000.0
2014-12-31,228.15,231.7,228.15,228.7,47546.0
2015-01-01,229.4,229.4,227.15,227.85,30793.0
2015-01-02,229.0,231.65,228.7,230.95,46696.0
2015-01-05,231.95,233.5,229.5,230.75,57956.0
2015-01-06,229.95,229.95,220.6,221.95,79166.0
2015-01-07,220.4,223.05,218.2,219.9,68421.0
2015-01-08,222.3,227.5,221.55,226.25,45359.0
2015-01-09,227.65,228.05,222.15,223.2,113016.0
2015-01-12,223.7,228.4,223.2,227.9,36027.0
2015-01-13,228.0,232.75,226.3,230.05,112265.0
2015-01-14,230.55,233.75,230.05,232.7,90770.0
2015-01-15,234.75,242.85,233.75,240.85,238646.0
2015-01-16,240.45,240.45,237.3,239.3,61479.0
2015-01-19,238.7,247.0,238.6,246.35,183830.0
2015-01-20,247.0,248.95,245.25,247.5,110319.0
2015-01-21,247.0,247.4,243.35,246.75,75481.0
2015-01-22,246.0,249.9,245.35,248.9,84662.0
2015-01-23,249.3,252.75,245.6,252.0,112635.0
2015-01-27,251.0,251.0,245.5,249.95,78408.0
2015-01-28,250.0,251.95,246.9,248.55,62752.0
2015-01-29,249.0,256.5,247.45,255.4,122785.0
2015-01-30,256.05,256.6,241.3,248.8,91702.0
2015-02-02,249.9,250.7,243.75,249.15,42930.0
2015-02-03,249.0,252.0,242.65,244.95,93356.0
2015-02-04,245.2,250.45,243.3,248.5,76543.0
2015-02-05,247.15,251.4,245.65,247.5,73951.0
2015-02-06,246.4,250.05,245.3,248.2,66379.0
2015-02-09,247.7,251.0,244.05,246.2,64728.0
2015-02-10,245.7,252.4,245.55,249.8,84938.0
2015-02-11,250.1,252.0,249.25,251.0,71741.0
2015-02-12,251.4,261.6,251.4,259.4,165728.0
2015-02-13,261.0,265.9,259.05,264.5,149842.0
2015-02-16,264.5,268.2,263.45,265.4,82702.0
2015-02-18,267.45,271.4,265.7,269.5,165080.0
2015-02-19,273.0,273.35,262.0,264.55,220036.0
2015-02-20,265.0,265.95,261.4,263.3,52988.0
2015-02-23,262.55,264.95,259.25,261.6,49958.0
2015-02-24,261.6,263.4,254.55,258.15,68211.0
2015-02-25,258.15,264.4,258.15,260.9,99953.0
2015-02-26,263.6,264.0,255.5,259.5,78921.0
2015-02-27,263.25,270.0,260.85,268.7,115397.0
2015-03-02,272.0,286.6,271.95,284.95,245731.0
2015-03-03,286.85,286.85,278.0,281.35,84955.0
2015-03-04,285.85,285.85,273.35,274.95,98282.0
2015-03-05,275.0,275.9,269.05,273.8,52710.0
2015-03-09,275.75,277.0,261.5,263.6,114402.0
2015-03-10,264.1,266.0,259.0,259.75,100613.0
2015-03-11,259.5,264.0,256.4,259.8,199227.0
2015-03-12,262.95,268.8,261.25,263.7,154082.0
2015-03-13,267.0,268.6,254.05,256.05,77261.0
2015-03-16,257.25,259.4,255.0,256.6,74504.0
2015-03-17,256.95,260.0,254.35,258.1,71796.0
2015-03-18,259.0,259.5,251.5,252.75,52715.0
2015-03-19,256.75,256.75,250.25,251.2,85266.0
2015-03-20,252.6,258.1,248.15,255.15,101769.0
2015-03-23,256.0,258.6,252.45,255.55,89384.0
2015-03-24,254.95,258.4,251.75,253.05,76090.0
2015-03-25,254.3,254.75,247.0,248.5,46174.0
2015-03-26,246.2,252.0,245.5,250.0,45825.0
2015-03-27,252.0,252.25,247.0,249.6,48637.0
2015-03-30,252.2,257.9,249.9,257.0,47307.0
2015-03-31,258.5,259.95,254.0,255.25,125665.0
2015-04-01,254.95,260.95,254.35,259.8,44138.0
2015-04-06,261.0,264.45,258.6,260.25,223748.0
2015-04-07,260.05,263.1,250.0,259.9,110736.0
2015-04-08,262.0,266.4,256.95,257.65,96008.0
2015-04-09,258.1,259.0,254.0,256.5,58688.0
2015-04-10,257.15,259.35,255.6,257.95,38194.0
2015-04-13,261.45,261.45,254.65,256.35,58300.0
2015-04-15,257.0,262.0,257.0,259.9,104380.0
2015-04-16,258.0,260.4,250.0,251.65,78058.0
2015-04-17,252.5,252.5,245.65,246.8,63549.0
2015-04-20,245.0,252.6,244.0,247.25,114278.0
2015-04-21,247.9,248.1,239.15,239.65,253406.0
2015-04-22,239.25,243.6,236.55,242.3,71272.0
2015-04-23,244.0,246.9,236.15,237.55,78973.0
2015-04-24,238.0,238.55,232.2,233.9,57054.0
2015-04-27,235.0,235.0,228.5,229.75,48316.0
2015-04-28,230.0,232.15,224.4,230.75,77625.0
2015-04-29,229.6,241.25,228.5,238.85,445884.0
2015-04-30,235.0,240.75,231.6,234.2,182084.0
2015-05-04,239.3,242.0,232.45,240.45,94584.0
2015-05-05,240.25,240.25,236.2,238.75,42107.0
2015-05-06,237.7,238.2,225.0,226.7,120766.0
2015-05-07,225.55,232.45,222.2,231.25,96125.0
2015-05-08,233.0,239.4,231.1,233.0,101385.0
2015-05-11,235.0,238.65,230.8,237.9,96985.0
2015-05-12,238.0,238.0,227.55,228.95,67615.0
2015-05-13,232.0,236.1,228.3,234.85,88018.0
2015-05-14,234.75,237.35,231.5,235.55,49287.0
2015-05-15,236.15,236.7,232.65,234.45,44385.0
2015-05-18,236.1,243.0,233.55,240.45,76797.0
2015-05-19,241.5,242.0,237.45,238.8,47424.0
2015-05-20,239.5,241.5,237.35,238.85,42510.0
2015-05-21,238.25,241.55,235.7,240.95,53437.0
2015-05-22,240.5,244.65,240.0,241.35,74603.0
2015-05-25,241.0,241.2,231.75,233.05,114945.0
2015-05-26,231.55,234.0,226.0,227.1,79537.0
2015-05-27,225.0,230.4,224.05,228.05,73378.0
2015-05-28,229.2,232.0,225.8,229.0,68689.0
2015-05-29,230.55,238.95,229.8,237.0,125424.0
2015-06-01,237.0,240.8,237.0,239.2,90360.0
2015-06-02,238.2,239.4,229.1,230.65,113411.0
2015-06-03,229.3,229.45,224.5,226.1,62761.0
2015-06-04,226.0,230.0,220.8,228.85,80264.0
2015-06-05,226.0,229.0,220.25,221.8,182090.0
2015-06-08,220.3,225.0,220.3,222.7,55531.0
2015-06-09,222.3,226.45,221.5,225.7,43059.0
2015-06-10,226.0,227.0,222.65,226.0,43812.0
2015-06-11,226.1,232.0,220.45,222.05,71288.0
2015-06-12,220.1,221.0,215.2,219.2,121209.0
2015-06-15,216.55,218.9,215.5,215.95,180730.0
2015-06-16,216.0,219.95,214.05,219.1,74549.0
2015-06-17,220.0,224.9,216.55,222.45,79125.0
2015-06-18,222.4,224.6,220.4,221.9,45983.0
2015-06-19,223.7,227.3,221.75,226.05,70383.0
2015-06-22,227.3,230.7,226.0,228.4,60379.0
2015-06-23,228.4,231.15,227.1,230.45,37659.0
2015-06-24,231.7,232.5,225.55,226.8,78520.0
2015-06-25,227.9,228.1,224.25,226.8,51322.0
2015-06-26,227.6,229.85,225.3,227.3,234898.0
2015-06-29,225.75,228.0,220.6,227.4,81645.0
2015-06-30,227.45,230.0,225.0,229.5,37086.0
2015-07-01,230.0,239.25,228.9,237.2,115996.0
2015-07-02,240.0,241.85,235.9,238.75,128504.0
2015-07-03,239.25,242.5,238.95,241.7,64229.0
2015-07-06,238.5,247.0,238.5,245.7,104407.0
2015-07-07,245.8,247.55,243.55,245.7,40605.0
2015-07-08,243.4,243.95,236.75,241.05,112131.0
2015-07-09,241.05,244.75,241.05,242.1,28980.0
2015-07-10,243.05,244.25,238.4,241.6,52913.0
2015-07-13,241.75,248.4,241.05,247.25,71562.0
2015-07-14,248.0,253.35,246.7,250.95,77375.0
2015-07-15,253.0,256.5,250.5,254.6,75948.0
2015-07-16,254.5,255.25,251.0,253.9,35195.0
2015-07-17,253.5,256.05,250.05,250.55,123565.0
2015-07-20,250.6,252.25,245.55,251.45,79483.0
2015-07-21,251.35,252.95,241.5,242.2,62577.0
2015-07-22,242.0,247.2,239.0,246.55,78873.0
2015-07-23,247.0,247.0,242.85,244.45,25377.0
2015-07-24,242.1,244.8,239.1,240.35,75430.0
2015-07-27,236.1,241.3,232.7,234.3,116377.0
2015-07-28,227.6,237.25,227.6,230.5,155370.0
2015-07-29,231.0,234.8,226.9,233.65,95617.0
2015-07-30,234.25,235.5,229.85,231.15,87913.0
2015-07-31,232.0,234.2,231.0,232.45,42988.0
2015-08-03,233.0,233.0,227.1,229.05,56621.0
2015-08-04,230.0,231.25,226.0,228.95,60331.0
2015-08-05,230.0,232.75,229.15,230.05,62336.0
2015-08-06,230.05,232.5,228.0,229.95,101365.0
2015-08-07,230.1,231.4,228.0,228.5,55978.0
2015-08-10,229.05,230.6,224.7,226.45,45571.0
2015-08-11,226.0,226.2,221.3,222.95,54466.0
2015-08-12,223.0,224.7,219.3,222.9,68304.0
2015-08-13,223.0,225.65,221.45,222.05,106447.0
2015-08-14,222.1,226.45,221.35,225.6,58574.0
2015-08-17,225.6,227.5,221.55,225.3,60923.0
2015-08-18,225.3,228.65,225.3,226.7,33432.0
2015-08-19,228.0,232.3,225.65,230.9,262638.0
2015-08-20,231.9,231.9,222.1,223.9,80748.0
2015-08-21,222.0,236.6,221.8,226.75,101349.0
2015-08-24,222.4,222.85,211.4,213.25,249581.0
2015-08-25,215.0,215.5,202.3,208.4,151584.0
2015-08-26,210.0,210.0,198.0,199.0,5229050.0
2015-08-27,203.5,211.0,200.5,210.1,200051.0
2015-08-28,214.0,214.0,205.0,206.1,167878.0
2015-08-31,207.2,211.45,202.5,207.4,99118.0
2015-09-01,207.2,209.5,203.75,207.75,130773.0
2015-09-02,209.85,214.65,208.7,210.45,125024.0
2015-09-03,212.0,221.5,212.0,218.75,167537.0
2015-09-04,221.0,221.0,209.9,211.9,142070.0
2015-09-07,213.0,213.0,206.5,207.0,134591.0
2015-09-08,207.9,209.35,205.0,208.55,1448998.0
2015-09-09,212.0,216.45,209.9,212.6,530960.0
2015-09-10,210.0,213.2,206.4,211.25,117632.0
2015-09-11,212.15,213.1,206.5,207.4,106163.0
2015-09-14,207.0,212.55,205.8,211.45,116676.0
2015-09-15,213.4,213.4,203.5,205.1,138861.0
2015-09-16,206.9,211.2,206.05,210.15,95908.0
2015-09-18,210.2,212.1,209.0,209.8,127846.0
2015-09-21,208.1,210.3,203.8,209.75,96207.0
2015-09-22,210.3,210.4,205.2,207.8,54873.0
2015-09-23,206.0,209.55,205.0,208.8,85247.0
2015-09-24,207.8,208.3,204.75,206.9,837907.0
2015-09-28,207.45,207.45,201.9,203.0,49084.0
2015-09-29,200.0,207.45,196.45,202.9,242985.0
2015-09-30,204.8,206.85,203.55,205.65,84108.0
2015-10-01,208.9,211.05,206.8,209.95,166468.0
2015-10-05,210.3,212.4,209.45,210.25,81053.0
2015-10-06,212.0,213.2,207.5,209.55,79052.0
2015-10-07,210.65,210.65,207.1,209.05,2116741.0
2015-10-08,209.9,211.35,208.4,210.35,147590.0
2015-10-09,211.0,211.6,207.0,209.15,1179811.0
2015-10-12,209.15,210.45,208.05,209.8,61241.0
2015-10-13,209.0,210.65,209.0,209.95,332172.0
2015-10-14,210.0,210.55,209.0,210.0,303450.0
2015-10-15,211.0,211.25,209.2,209.7,76685.0
2015-10-16,210.05,214.7,209.5,212.5,82885.0
2015-10-19,212.55,213.8,209.7,210.25,124407.0
2015-10-20,210.3,210.3,209.0,209.9,219230.0
2015-10-21,209.0,210.2,208.3,209.1,105474.0
2015-10-23,211.0,211.5,208.0,208.7,716727.0
2015-10-26,210.0,210.0,206.4,208.5,78041.0
2015-10-27,206.6,210.0,204.15,205.55,159293.0
2015-10-28,202.7,209.7,202.7,208.75,225119.0
2015-10-29,203.3,210.45,202.45,207.35,1312592.0
2015-10-30,208.4,210.3,206.55,207.3,388438.0
2015-11-02,207.5,210.5,205.3,210.05,86506.0
2015-11-03,210.1,213.7,208.95,209.5,139325.0
2015-11-04,210.9,211.2,208.05,209.4,195862.0
2015-11-05,210.9,210.9,206.0,208.4,291666.0
2015-11-06,208.25,210.95,206.1,209.8,75302.0
2015-11-09,209.95,209.95,203.7,205.2,402058.0
2015-11-10,205.0,205.0,195.75,197.2,633666.0
2015-11-13,197.8,197.8,191.9,192.95,782590.0
2015-11-16,193.45,196.15,188.8,194.4,235625.0
2015-11-17,195.1,199.5,195.0,199.05,79997.0
2015-11-18,200.0,202.8,196.2,197.4,155162.0
2015-11-19,198.0,199.2,195.5,197.95,89919.0
2015-11-20,198.75,202.9,198.35,200.9,1157585.0
2015-11-23,203.0,203.5,199.75,201.25,179025.0
2015-11-24,201.0,204.95,201.0,202.35,503605.0
2015-11-26,201.9,204.4,201.4,203.05,70755.0
2015-11-27,202.95,205.0,200.85,201.9,59665.0
2015-11-30,202.6,202.6,198.05,198.85,1156890.0
2015-12-01,200.0,203.5,199.85,200.7,100065.0
2015-12-02,203.0,203.6,199.15,200.45,95594.0
2015-12-03,200.0,200.5,197.3,198.0,63433.0
2015-12-04,199.5,199.5,194.5,195.05,69202.0
2015-12-07,196.95,198.4,195.6,195.9,60678.0
2015-12-08,195.0,195.35,193.4,194.45,44931.0
2015-12-09,196.0,196.0,188.15,189.5,150214.0
2015-12-10,190.0,191.6,188.1,189.75,134333.0
2015-12-11,190.6,194.4,187.7,188.75,333497.0
2015-12-14,190.0,193.65,189.1,192.9,98860.0
2015-12-15,192.85,194.5,190.15,193.25,43393.0
2015-12-16,194.0,195.1,192.2,194.2,2989872.0
2015-12-17,195.0,198.5,194.3,197.9,126284.0
2015-12-18,198.5,202.15,194.65,199.9,9766549.0
2015-12-21,200.7,202.35,198.2,200.7,650715.0
2015-12-22,200.0,201.9,199.5,200.0,164496.0
2015-12-23,201.0,202.0,200.5,201.4,74888.0
2015-12-24,202.0,204.25,200.55,203.35,39727.0
2015-12-28,204.0,204.5,201.0,202.2,90597.0
2015-12-29,203.3,205.95,202.05,205.45,78168.0
2015-12-30,207.0,207.0,204.05,204.55,32565.0
2015-12-31,204.55,205.95,202.55,203.3,44790.0
2016-01-01,203.0,206.5,203.0,205.25,37783.0
2016-01-04,207.0,207.0,200.5,202.25,115634.0
2016-01-05,203.0,204.6,201.7,203.85,37611.0
2016-01-06,203.85,205.0,200.9,203.2,36877.0
2016-01-07,201.55,202.15,195.75,197.6,92652.0
2016-01-08,199.0,199.1,194.25,197.6,71712.0
2016-01-11,196.0,201.9,194.85,198.4,44814.0
2016-01-12,197.65,199.0,194.25,195.4,724846.0
2016-01-13,196.0,199.2,194.0,198.05,105560.0
2016-01-14,197.0,199.5,192.6,198.35,144837.0
2016-01-15,198.0,198.0,192.65,193.9,107226.0
2016-01-18,190.0,195.0,189.25,191.05,120964.0
2016-01-19,193.5,193.5,188.95,191.25,175869.0
2016-01-20,190.0,191.5,185.25,187.0,237499.0
2016-01-21,188.0,195.0,187.5,192.3,87917.0
2016-01-22,193.0,196.6,191.65,192.9,62091.0
2016-01-25,194.0,199.35,194.0,197.1,73082.0
2016-01-27,196.95,197.0,190.9,191.7,120050.0
2016-01-28,192.0,194.75,191.0,193.25,38836.0
2016-01-29,193.0,196.5,192.85,194.85,61598.0
2016-02-01,197.0,200.85,196.0,199.95,69316.0
2016-02-02,199.95,201.75,195.5,196.7,48930.0
2016-02-03,196.0,197.3,191.25,192.4,30291.0
2016-02-04,193.0,197.0,193.0,195.75,67274.0
2016-02-05,195.65,199.2,195.0,195.45,96229.0
2016-02-08,196.0,200.6,195.8,196.95,1154470.0
2016-02-09,197.0,198.0,195.55,197.4,138460.0
2016-02-10,196.0,197.0,191.25,195.0,474949.0
2016-02-11,189.0,195.75,189.0,193.55,219113.0
2016-02-12,193.5,195.95,190.65,194.6,176352.0
2016-02-15,195.3,199.35,195.25,197.75,298427.0
2016-02-16,204.5,204.5,192.0,193.0,148347.0
2016-02-17,193.3,194.65,188.85,193.3,50875.0
2016-02-18,194.55,196.4,193.1,195.35,153695.0
2016-02-19,196.0,196.0,194.05,194.85,49573.0
2016-02-22,195.65,196.6,194.9,195.65,66497.0
2016-02-23,196.0,196.45,192.7,193.35,1370826.0
2016-02-24,193.8,194.15,190.55,191.05,140731.0
2016-02-25,190.0,192.5,186.0,188.95,97865.0
2016-02-26,190.0,192.5,186.4,188.55,74432.0
2016-02-29,189.0,191.8,185.0,187.95,63717.0
2016-03-01,189.0,191.1,188.5,190.5,65932.0
2016-03-02,193.8,197.0,191.8,195.8,79478.0
2016-03-03,197.9,200.45,195.8,199.9,98397.0
2016-03-04,202.0,202.9,199.7,201.85,119107.0
2016-03-08,201.85,204.25,200.05,201.15,517929.0
2016-03-09,202.25,205.45,201.6,204.3,124884.0
2016-03-10,204.7,204.7,200.8,201.4,58324.0
2016-03-11,202.0,202.5,199.8,200.75,40835.0
2016-03-14,202.85,206.05,202.5,203.7,100855.0
2016-03-15,203.35,206.2,202.6,204.95,61458.0
2016-03-16,204.5,207.5,203.4,205.8,99242.0
2016-03-17,207.5,219.75,207.5,218.1,279745.0
2016-03-18,219.5,223.1,216.75,221.95,175922.0
2016-03-21,223.0,234.0,222.5,232.05,217488.0
2016-03-22,230.15,231.5,224.45,229.8,216017.0
2016-03-23,229.5,232.95,226.65,228.2,172675.0
2016-03-28,227.4,235.5,225.2,229.55,1054088.0
2016-03-29,228.5,232.9,226.3,230.35,200231.0
2016-03-30,233.0,234.45,230.1,231.4,80822.0
2016-03-31,231.25,233.4,229.8,232.15,80634.0
2016-04-01,233.0,236.1,229.5,235.05,84664.0
2016-04-04,237.0,237.1,230.55,231.2,76282.0
2016-04-05,231.2,231.35,225.5,226.15,72901.0
2016-04-06,226.55,230.95,225.75,228.85,62423.0
2016-04-07,229.35,229.75,225.2,226.15,48205.0
2016-04-08,225.5,231.15,223.2,225.1,491968.0
2016-04-11,227.8,227.8,221.65,224.0,840945.0
2016-04-12,225.15,226.3,221.45,223.65,139531.0
2016-04-13,225.0,232.25,225.0,230.6,288578.0
2016-04-18,234.0,234.0,228.1,228.8,127825.0
2016-04-20,229.0,231.5,225.75,226.25,94979.0
2016-04-21,228.0,228.0,220.0,220.95,138485.0
2016-04-22,219.0,222.15,216.5,220.85,134457.0
2016-04-25,225.0,225.0,221.35,223.9,98557.0
2016-04-26,225.05,226.5,222.25,224.4,159959.0
2016-04-27,225.45,227.8,224.45,225.4,102310.0
2016-04-28,225.5,227.0,219.35,220.25,547446.0
2016-04-29,222.25,224.4,219.6,220.9,422099.0
2016-05-02,221.75,224.2,219.05,223.55,65554.0
2016-05-03,224.65,225.8,217.85,218.75,127395.0
2016-05-04,218.5,218.5,214.2,215.05,72790.0
2016-05-05,215.1,217.4,212.9,216.15,116151.0
2016-05-06,216.15,221.0,215.6,220.0,107739.0
2016-05-09,221.0,222.2,219.65,220.25,94070.0
2016-05-10,220.25,222.6,217.7,220.65,186438.0
2016-05-11,220.0,221.7,217.35,220.5,67156.0
2016-05-12,220.5,222.5,219.25,220.65,76793.0
2016-05-13,220.15,221.3,216.1,216.95,115799.0
2016-05-16,220.0,220.0,215.6,216.8,60070.0
2016-05-17,217.95,218.55,215.3,216.9,59103.0
2016-05-18,215.5,217.1,214.4,216.4,63905.0
2016-05-19,217.0,217.0,212.05,213.65,57081.0
2016-05-20,214.95,214.95,207.4,209.15,69333.0
2016-05-23,211.0,213.7,208.95,212.7,103468.0
2016-05-24,212.0,216.8,212.0,215.45,1205059.0
2016-05-25,217.0,223.9,217.0,222.5,310439.0
2016-05-26,224.0,229.0,223.75,224.7,1149862.0
2016-05-27,226.1,231.5,226.0,229.4,2037791.0
2016-05-30,232.0,232.9,228.2,228.75,190242.0
2016-05-31,228.75,232.2,227.55,228.7,93755.0
2016-06-01,227.0,232.05,227.0,230.9,85527.0
2016-06-02,230.95,231.45,228.45,229.5,71356.0
2016-06-03,230.05,233.6,227.75,228.2,73070.0
2016-06-06,229.5,231.8,228.1,229.2,64437.0
2016-06-07,230.0,235.5,228.55,234.35,260837.0
2016-06-08,236.0,239.0,233.25,237.95,232488.0
2016-06-09,239.8,240.0,232.0,232.5,87489.0
2016-06-10,231.0,235.8,231.0,234.75,68137.0
2016-06-13,233.9,237.5,231.8,235.7,1528168.0
2016-06-14,237.95,237.95,233.05,233.8,197964.0
2016-06-15,234.2,239.0,234.2,237.85,161639.0
2016-06-16,238.8,239.25,234.0,234.5,108035.0
2016-06-17,235.8,237.1,233.5,235.4,190929.0
2016-06-20,231.5,242.0,231.5,241.35,240038.0
2016-06-21,242.6,242.6,238.05,240.25,151229.0
2016-06-22,239.95,243.55,239.2,242.0,383128.0
2016-06-23,242.5,250.2,242.5,248.85,277471.0
2016-06-24,244.0,249.45,238.0,248.3,136820.0
2016-06-27,248.15,254.8,248.15,254.0,152953.0
2016-06-28,250.0,255.3,250.0,251.9,134511.0
2016-06-29,250.2,258.4,250.2,255.65,202614.0
2016-06-30,256.4,257.3,252.65,254.35,182656.0
2016-07-01,254.0,257.3,252.1,252.9,93204.0
2016-07-04,254.1,255.65,252.2,252.9,90517.0
2016-07-05,250.1,255.7,250.1,253.2,128493.0
2016-07-07,255.0,258.7,253.05,257.0,530529.0
2016-07-08,257.7,260.95,256.5,257.65,178401.0
2016-07-11,259.05,261.35,259.05,260.2,128056.0
2016-07-12,259.8,263.85,259.25,260.65,169350.0
2016-07-13,260.5,261.3,259.0,260.55,64349.0
2016-07-14,259.95,263.5,258.8,262.5,107726.0
2016-07-15,263.0,264.7,259.7,260.9,173927.0
2016-07-18,260.9,262.75,258.55,259.7,263729.0
2016-07-19,259.0,263.4,258.8,262.5,62573.0
2016-07-20,263.0,266.8,259.8,262.2,79348.0
2016-07-21,264.0,267.7,263.1,266.05,169567.0
2016-07-22,267.5,267.5,262.35,264.9,47860.0
2016-07-25,265.6,269.1,264.1,268.6,164942.0
2016-07-26,272.0,274.05,268.5,269.95,288641.0
2016-07-27,277.55,278.35,266.25,267.75,541348.0
2016-07-28,271.3,274.0,266.15,271.4,235619.0
2016-07-29,272.6,274.65,269.45,271.15,162300.0
2016-08-01,271.15,273.15,269.45,270.95,142069.0
2016-08-02,269.85,270.4,263.1,263.95,82390.0
2016-08-03,266.1,266.9,260.35,262.75,173912.0
2016-08-04,270.0,270.0,262.0,264.35,232497.0
2016-08-05,267.9,276.45,265.3,275.7,283078.0
2016-08-08,275.7,277.35,272.0,276.2,214768.0
2016-08-09,276.85,276.85,267.7,270.55,972936.0
2016-08-10,271.0,271.0,259.15,260.4,282692.0
2016-08-11,262.5,263.95,256.05,259.95,289833.0
2016-08-12,257.0,265.0,257.0,263.8,110325.0
2016-08-16,267.0,270.5,263.45,269.6,158992.0
2016-08-17,270.0,271.5,264.9,269.4,108757.0
2016-08-18,269.75,274.55,269.75,272.05,162740.0
2016-08-19,272.7,277.5,271.3,276.3,197776.0
2016-08-22,276.15,277.2,269.05,270.55,168346.0
2016-08-23,266.6,273.95,265.65,270.65,356497.0
2016-08-24,270.2,270.6,265.0,267.1,133087.0
2016-08-25,268.35,270.55,262.75,264.9,101084.0
2016-08-26,265.8,268.8,262.2,265.65,181540.0
2016-08-29,266.0,266.0,262.6,264.15,109883.0
2016-08-30,270.4,277.5,265.35,274.3,241319.0
2016-08-31,277.0,282.0,275.05,279.0,259666.0
2016-09-01,273.0,279.0,272.4,277.5,214816.0
2016-09-02,278.0,278.0,273.5,276.3,239172.0
2016-09-06,278.0,279.7,275.65,277.05,125329.0
2016-09-07,280.95,280.95,273.1,273.95,132704.0
2016-09-08,275.0,277.85,273.0,275.9,452306.0
2016-09-09,275.4,276.05,271.7,272.6,366474.0
2016-09-12,271.1,271.1,259.05,260.7,105317.0
2016-09-14,261.0,265.25,260.05,264.2,274601.0
2016-09-15,264.0,265.0,258.15,261.1,71021.0
2016-09-16,262.0,267.0,261.6,262.5,59890.0
2016-09-19,262.5,268.8,262.5,266.6,106186.0
2016-09-20,267.0,269.2,264.65,266.7,39003.0
2016-09-21,264.0,269.25,263.05,264.1,41298.0
2016-09-22,265.1,268.3,264.0,265.45,69179.0
2016-09-23,265.95,265.95,258.05,258.95,88598.0
2016-09-26,258.95,258.95,253.8,255.3,116587.0
2016-09-27,252.15,261.0,252.15,258.0,107203.0
2016-09-28,256.35,261.65,256.0,260.5,54771.0
2016-09-29,260.5,262.5,253.0,254.9,157721.0
2016-09-30,255.0,255.0,249.65,252.8,99041.0
2016-10-03,253.8,260.0,252.7,258.95,54712.0
2016-10-04,261.0,261.3,254.15,256.0,400687.0
2016-10-05,258.0,258.0,253.35,256.7,95886.0
2016-10-06,259.6,260.0,251.0,253.0,119534.0
2016-10-07,253.1,254.35,249.45,253.45,76397.0
2016-10-10,253.4,258.2,253.4,256.95,88646.0
2016-10-13,256.0,256.0,250.1,252.8,86796.0
2016-10-14,252.8,255.85,251.6,253.35,111851.0
2016-10-17,252.5,252.9,245.0,246.45,133937.0
2016-10-18,246.0,252.2,244.3,251.45,192223.0
2016-10-19,251.0,254.0,249.25,250.7,75426.0
2016-10-20,253.0,255.55,251.2,252.35,76390.0
2016-10-21,253.15,253.15,245.1,247.75,102787.0
2016-10-24,248.0,249.25,245.85,246.5,73968.0
2016-10-25,248.0,249.6,246.35,247.95,51737.0
2016-10-26,248.45,249.35,246.0,247.95,45771.0
2016-10-27,249.9,249.9,243.05,244.05,67506.0
2016-10-28,244.3,244.3,240.5,241.9,65715.0
2016-11-01,240.0,245.6,238.65,244.4,117454.0
2016-11-02,240.55,244.35,239.3,240.6,56062.0
2016-11-03,240.0,244.9,235.55,243.2,728716.0
2016-11-04,243.1,245.95,238.15,240.85,179637.0
2016-11-07,240.85,247.15,240.85,241.65,118813.0
2016-11-08,242.85,245.0,241.9,244.15,60018.0
2016-11-09,238.0,238.0,220.1,231.3,275915.0
2016-11-10,234.0,236.3,229.75,230.7,186842.0
2016-11-11,230.1,230.1,218.35,219.45,273811.0
2016-11-15,223.7,241.25,208.75,209.95,45009859.0
2016-11-16,212.9,213.35,201.5,202.4,351131.0
2016-11-17,202.4,202.4,192.85,194.2,233986.0
2016-11-18,195.0,201.75,192.05,198.95,229049.0
2016-11-21,201.0,201.0,192.95,193.4,128987.0
2016-11-22,196.0,197.0,191.0,195.55,132123.0
2016-11-23,198.0,199.4,193.9,198.3,186127.0
2016-11-24,193.0,205.1,193.0,201.05,219920.0
2016-11-25,197.05,203.9,197.05,203.1,386569.0
2016-11-28,203.0,205.75,201.5,204.2,266558.0
2016-11-29,204.5,207.1,204.0,205.25,138242.0
2016-11-30,205.45,211.2,205.45,210.4,157385.0
2016-12-01,212.4,212.75,206.0,206.75,80090.0
2016-12-02,204.8,207.5,204.0,204.75,92761.0
2016-12-05,205.0,211.0,204.7,209.75,124233.0
2016-12-06,209.75,215.0,209.5,210.35,69231.0
2016-12-07,210.25,214.3,208.55,209.4,96164.0
2016-12-08,213.0,216.5,210.9,213.5,165386.0
2016-12-09,215.0,217.9,212.1,216.05,79065.0
2016-12-12,215.9,215.9,208.0,209.05,62633.0
2016-12-13,209.05,209.5,206.0,206.6,72909.0
2016-12-14,206.95,207.0,204.3,205.15,50582.0
2016-12-15,205.15,206.35,201.35,201.95,105399.0
2016-12-16,201.35,203.5,200.1,202.45,61442.0
2016-12-19,200.0,204.0,200.0,201.0,32568.0
2016-12-20,200.65,205.35,200.65,204.55,90641.0
2016-12-21,205.6,205.95,201.75,202.35,29829.0
2016-12-22,202.0,202.8,198.4,200.3,37957.0
2016-12-23,198.25,202.05,198.25,200.15,80170.0
2016-12-26,199.55,200.0,197.0,198.1,38646.0
2016-12-27,198.8,203.9,198.0,202.7,65865.0
2016-12-28,202.9,204.7,201.1,201.35,68601.0
2016-12-29,202.15,204.75,201.0,203.9,35802.0
2016-12-30,204.2,207.65,204.2,206.2,57296.0
2017-01-02,211.0,215.2,209.25,214.05,142321.0
2017-01-03,215.95,216.75,214.05,214.95,103624.0
2017-01-04,215.45,218.35,211.5,212.05,107532.0
2017-01-05,216.0,216.0,211.1,214.3,62846.0
2017-01-06,215.3,215.45,212.0,212.65,49876.0
2017-01-09,214.0,214.0,210.4,210.65,56167.0
2017-01-10,212.0,213.0,208.5,209.95,88306.0
2017-01-11,209.3,216.6,209.3,215.85,197729.0
2017-01-12,216.5,217.4,213.5,214.1,78315.0
2017-01-13,213.9,214.9,211.8,213.5,89075.0
2017-01-16,213.0,214.95,211.75,213.1,76694.0
2017-01-17,212.75,213.8,210.5,212.95,91354.0
2017-01-18,213.25,219.1,213.25,217.5,138128.0
2017-01-19,220.0,221.4,216.8,220.45,144639.0
2017-01-20,217.35,220.65,216.05,217.5,215210.0
2017-01-23,218.5,221.65,218.05,220.1,97221.0
2017-01-24,221.3,223.95,220.75,223.35,117420.0
2017-01-25,224.9,229.95,224.0,229.1,100837.0
2017-01-27,230.0,233.5,229.1,232.8,206635.0
2017-01-30,232.8,232.8,228.0,229.35,67382.0
2017-01-31,229.35,230.9,226.5,229.1,98884.0
2017-02-01,231.9,236.8,229.5,234.75,158194.0
2017-02-02,234.75,235.95,231.0,232.25,91923.0
2017-02-03,232.25,232.25,228.3,229.25,73233.0
2017-02-06,233.5,242.65,228.6,239.95,367936.0
2017-02-07,244.0,244.0,234.0,234.8,164079.0
2017-02-08,235.4,242.15,235.4,239.1,186173.0
2017-02-09,239.85,242.3,237.0,238.4,65300.0
2017-02-10,238.65,239.8,235.7,237.5,94197.0
2017-02-13,237.85,241.35,233.6,238.95,131090.0
2017-02-14,240.35,240.35,234.6,237.7,66266.0
2017-02-15,236.6,238.8,232.85,235.0,64184.0
2017-02-16,233.8,236.7,232.7,235.7,42561.0
2017-02-17,238.0,239.5,234.55,238.1,86710.0
2017-02-20,238.1,241.2,237.25,239.4,156085.0
2017-02-21,238.45,239.35,232.25,238.7,273403.0
2017-02-22,238.3,239.0,232.35,233.0,146836.0
2017-02-23,233.15,234.6,231.0,231.9,127012.0
2017-02-27,232.0,232.0,226.55,229.8,96168.0
2017-02-28,231.9,231.9,226.4,228.8,160010.0
2017-03-01,228.75,231.0,228.1,228.9,46421.0
2017-03-02,229.95,233.55,227.9,228.55,103305.0
2017-03-03,228.3,230.1,224.55,225.55,163096.0
2017-03-06,225.55,227.2,224.5,225.35,75588.0
2017-03-07,226.5,226.5,223.65,225.1,67537.0
2017-03-08,224.0,227.6,223.3,225.6,71818.0
2017-03-09,224.75,227.9,223.25,226.75,107106.0
2017-03-10,227.95,230.0,227.6,228.9,103687.0
2017-03-14,234.9,235.4,231.1,233.5,112496.0
2017-03-15,233.8,235.3,232.0,233.25,298684.0
2017-03-16,231.95,235.7,231.95,235.25,70813.0
2017-03-17,236.0,236.35,232.2,234.15,91727.0
2017-03-20,235.9,235.9,232.0,234.25,92750.0
2017-03-21,235.0,238.15,233.55,237.2,125153.0
2017-03-22,235.65,235.9,231.85,233.15,64574.0
2017-03-23,233.95,234.8,231.1,232.9,59713.0
2017-03-24,233.0,234.25,229.7,230.35,56742.0
2017-03-27,230.15,230.15,227.25,227.85,67445.0
2017-03-28,228.3,230.15,227.45,228.55,79572.0
2017-03-29,230.0,231.7,228.8,230.65,139777.0
2017-03-30,230.75,235.5,228.85,233.7,137612.0
2017-03-31,235.0,239.0,233.65,237.4,550893.0
2017-04-03,239.6,241.65,235.0,236.05,264764.0
2017-04-05,237.95,239.8,236.7,238.65,121032.0
2017-04-06,238.0,244.95,236.5,242.95,139900.0
2017-04-07,242.95,246.6,241.1,242.35,212244.0
2017-04-10,244.4,245.0,242.3,244.4,88050.0
2017-04-11,244.45,250.2,243.05,248.15,155742.0
2017-04-12,249.9,252.45,246.4,248.45,143921.0
2017-04-13,245.55,250.5,244.2,244.85,104765.0
2017-04-17,244.65,247.7,241.05,247.15,78026.0
2017-04-18,247.0,247.65,240.1,241.05,76131.0
2017-04-19,241.05,242.2,237.0,240.5,83170.0
2017-04-20,242.0,245.95,240.85,241.75,194948.0
2017-04-21,244.45,244.45,238.05,239.5,96268.0
2017-04-24,239.5,250.0,239.5,247.0,277827.0
2017-04-25,247.25,249.9,245.4,246.35,172094.0
2017-04-26,247.75,251.0,243.4,246.4,168828.0
2017-04-27,245.35,250.25,243.7,249.45,132933.0
2017-04-28,249.95,250.0,244.3,245.95,174237.0
2017-05-02,244.7,244.8,235.6,241.7,439330.0
2017-05-03,244.45,247.25,240.95,242.75,103851.0
2017-05-04,242.75,244.9,240.0,244.2,1360175.0
2017-05-05,242.3,248.0,240.35,246.3,195508.0
2017-05-08,259.0,270.5,258.1,260.8,2201721.0
2017-05-09,258.5,262.05,256.5,257.5,217676.0
2017-05-10,257.9,260.4,255.4,259.6,437545.0
2017-05-11,260.7,264.0,257.65,259.9,167098.0
2017-05-12,260.05,260.05,256.15,258.4,149317.0
2017-05-15,258.95,263.7,256.3,258.2,143100.0
2017-05-16,258.55,262.7,258.55,260.6,177785.0
2017-05-17,260.6,260.6,257.2,257.9,100040.0
2017-05-18,258.0,258.0,250.0,251.65,68462.0
2017-05-19,253.8,256.0,250.3,251.2,130855.0
2017-05-22,252.0,252.8,242.35,243.4,100631.0
2017-05-23,244.4,245.05,237.65,239.9,122929.0
2017-05-24,241.05,241.05,233.25,235.55,126574.0
2017-05-25,236.0,241.7,233.8,239.7,7038677.0
2017-05-26,239.7,242.9,238.3,240.65,75974.0
2017-05-29,240.65,243.5,239.1,240.15,98529.0
2017-05-30,243.0,243.9,237.4,242.65,94581.0
2017-05-31,248.0,248.0,240.2,241.2,130325.0
2017-06-01,242.0,243.25,238.5,240.4,93055.0
2017-06-02,240.1,242.9,239.6,240.4,40317.0
2017-06-05,242.4,242.4,239.6,240.0,78159.0
2017-06-06,241.0,241.0,234.3,235.4,88511.0
2017-06-07,235.4,237.75,234.5,236.75,45023.0
2017-06-08,238.95,238.95,234.5,235.05,174798.0
2017-06-09,234.0,236.15,232.1,235.15,96071.0
2017-06-12,234.9,236.05,230.5,231.15,90345.0
2017-06-13,232.0,233.8,230.75,231.6,61024.0
2017-06-14,232.15,234.45,229.0,233.7,99319.0
2017-06-15,233.65,236.7,231.3,235.95,83479.0
2017-06-16,236.0,238.35,234.3,237.25,277913.0
2017-06-19,238.5,239.45,237.2,237.45,83610.0
2017-06-20,237.5,241.8,236.65,240.45,139226.0
2017-06-21,239.1,241.5,237.4,240.8,79754.0
2017-06-22,241.95,246.8,241.2,244.4,217538.0
2017-06-23,244.0,245.15,240.8,242.9,84791.0
2017-06-27,243.5,243.95,238.1,240.1,71089.0
2017-06-28,241.9,246.0,237.05,244.75,145967.0
2017-06-29,244.75,248.4,244.5,246.25,101211.0
2017-06-30,245.1,247.65,244.5,245.85,324236.0
2017-07-03,247.9,249.5,245.5,247.3,77956.0
2017-07-04,252.0,253.0,248.0,248.9,180232.0
2017-07-05,249.8,253.9,248.55,252.4,87150.0
2017-07-06,255.0,256.85,253.25,255.75,65203.0
2017-07-07,257.0,257.0,251.6,252.25,128620.0
2017-07-10,254.0,256.0,251.0,254.55,1055827.0
2017-07-11,255.0,257.35,253.05,255.2,167761.0
2017-07-12,256.0,261.95,256.0,261.0,343466.0
2017-07-13,262.0,264.0,260.45,262.85,149802.0
2017-07-14,263.0,263.2,259.7,261.9,65596.0
2017-07-17,262.0,267.0,262.0,265.95,65031.0
2017-07-18,266.5,271.15,264.65,265.45,110905.0
2017-07-19,267.5,268.0,261.8,264.1,91635.0
2017-07-20,265.9,270.3,260.8,262.1,158421.0
2017-07-21,265.8,268.0,260.0,265.3,67168.0
2017-07-24,269.85,269.85,264.8,267.8,130778.0
2017-07-25,275.0,275.0,265.3,267.5,379654.0
2017-07-26,267.4,267.4,264.3,264.75,87824.0
2017-07-27,265.0,266.4,263.7,264.4,39160.0
2017-07-28,266.0,267.4,261.15,262.85,60574.0
2017-07-31,262.05,264.95,261.75,263.25,115529.0
2017-08-01,264.0,266.1,260.15,261.05,211895.0
2017-08-02,261.0,267.0,257.85,265.7,134536.0
2017-08-03,266.4,272.9,264.25,272.05,189188.0
2017-08-04,273.0,278.0,269.5,277.6,209701.0
2017-08-07,277.6,282.3,272.6,279.65,136725.0
2017-08-08,278.05,280.55,273.6,275.0,146729.0
2017-08-09,275.0,275.0,270.25,273.25,48389.0
2017-08-10,272.0,272.25,266.0,267.55,99326.0
2017-08-11,266.2,268.6,262.4,263.25,56731.0
2017-08-14,265.0,266.55,262.8,265.55,61280.0
2017-08-16,265.6,270.9,264.8,270.15,64011.0
2017-08-17,270.3,274.65,269.35,270.15,66313.0
2017-08-18,270.05,277.0,267.45,274.75,439945.0
2017-08-21,275.0,279.5,272.1,275.95,638122.0
2017-08-22,277.0,278.0,271.7,272.95,89460.0
2017-08-23,274.35,276.65,273.4,276.05,42225.0
2017-08-24,277.95,278.2,273.3,275.15,45156.0
2017-08-28,277.0,281.65,275.05,280.05,144702.0
2017-08-29,279.95,279.95,273.9,275.1,121755.0
2017-08-30,277.8,281.7,277.0,280.4,98428.0
2017-08-31,281.0,282.0,278.8,280.6,141167.0
2017-09-01,281.0,284.7,281.0,282.3,145728.0
2017-09-04,282.3,284.0,275.05,276.45,112583.0
2017-09-05,277.0,282.75,274.5,281.85,169666.0
2017-09-06,284.0,286.4,280.2,283.4,178175.0
2017-09-07,283.4,285.0,280.5,281.4,73140.0
2017-09-08,282.0,284.1,279.85,281.55,57553.0
2017-09-11,283.25,287.4,282.0,285.1,93813.0
2017-09-12,285.2,289.75,285.2,288.85,108385.0
2017-09-13,288.0,291.3,284.0,285.7,132535.0
2017-09-14,285.9,287.7,283.3,284.35,33825.0
2017-09-15,283.5,285.8,280.7,283.85,43465.0
2017-09-18,284.0,286.7,281.05,282.1,23312.0
2017-09-19,283.0,286.6,281.7,284.2,85406.0
2017-09-20,286.95,287.4,279.15,280.1,38802.0
2017-09-21,279.0,279.4,274.2,276.05,40532.0
2017-09-22,275.1,275.1,266.5,268.55,30974.0
2017-09-25,268.55,269.75,259.95,262.75,163654.0
2017-09-26,262.9,263.45,260.0,260.95,37658.0
2017-09-27,261.9,267.75,260.1,261.65,534939.0
2017-09-28,261.3,269.8,260.1,268.1,70595.0
2017-09-29,268.1,274.0,264.75,266.0,49385.0
2017-10-03,266.0,271.0,266.0,268.85,30481.0
2017-10-04,270.0,271.95,266.5,268.7,49828.0
2017-10-05,269.8,275.0,269.6,274.25,51690.0
2017-10-06,274.5,280.0,274.35,278.35,57829.0
2017-10-09,278.75,281.35,277.9,279.35,65076.0
2017-10-10,281.5,281.5,276.5,278.0,32488.0
2017-10-11,279.2,279.2,272.0,274.05,21652.0
2017-10-12,274.5,277.9,272.7,277.55,16184.0
2017-10-13,276.55,279.45,275.95,277.45,42657.0
2017-10-16,277.0,281.25,274.15,279.4,68079.0
2017-10-17,277.85,283.3,277.85,281.15,98631.0
2017-10-18,282.15,282.15,277.8,278.6,20710.0
2017-10-23,274.95,283.0,274.25,281.75,102736.0
2017-10-24,282.7,286.75,280.45,282.25,113372.0
2017-10-25,284.95,286.7,280.4,281.6,111226.0
2017-10-26,283.3,283.3,274.05,276.15,707958.0
2017-10-27,279.0,280.0,276.7,279.2,551404.0
2017-10-30,276.0,286.25,276.0,283.15,175886.0
2017-10-31,283.7,288.65,281.1,281.75,142149.0
2017-11-01,282.55,287.0,282.2,282.75,72269.0
2017-11-02,284.45,285.35,278.9,279.55,114110.0
2017-11-03,280.4,284.0,280.25,282.25,51131.0
2017-11-06,283.0,283.0,277.8,280.25,163975.0
2017-11-07,281.0,283.35,273.55,276.25,306874.0
2017-11-08,278.9,279.3,272.5,273.65,74679.0
2017-11-09,277.9,277.9,269.5,270.5,715598.0
2017-11-10,268.0,273.7,268.0,269.45,30910.0
2017-11-13,271.0,273.7,269.4,270.75,57052.0
2017-11-14,270.75,274.9,269.7,271.4,42655.0
2017-11-15,272.05,278.5,272.05,276.0,375212.0
2017-11-16,278.5,281.8,273.65,274.95,252047.0
2017-11-17,278.25,279.5,273.1,274.45,126364.0
2017-11-20,271.95,272.75,263.7,265.0,158497.0
2017-11-21,266.5,267.55,261.1,261.75,108766.0
2017-11-22,262.1,267.4,262.1,265.75,56980.0
2017-11-23,265.0,269.5,264.0,264.9,157192.0
2017-11-24,265.8,267.65,264.05,265.05,40595.0
2017-11-27,265.0,265.9,261.75,262.4,43942.0
2017-11-28,263.15,265.4,262.2,263.35,84993.0
2017-11-29,263.0,265.65,261.0,262.75,44541.0
2017-11-30,262.9,264.5,259.45,262.6,71163.0
2017-12-01,264.05,268.15,262.3,263.6,136438.0
2017-12-04,267.5,267.5,259.6,261.05,86554.0
2017-12-05,260.0,262.15,256.6,260.15,110807.0
2017-12-06,260.25,263.0,258.1,261.25,55588.0
2017-12-07,262.8,266.5,261.5,265.7,76421.0
2017-12-08,265.65,268.7,263.95,267.65,55179.0
2017-12-11,269.1,270.65,268.15,268.7,44026.0
2017-12-12,269.7,269.7,264.3,265.35,45316.0
2017-12-13,265.0,270.6,263.6,264.85,96924.0
2017-12-14,265.25,266.65,260.05,264.65,46648.0
2017-12-15,267.5,267.5,263.25,264.1,56900.0
2017-12-18,262.2,266.5,257.3,264.3,112548.0
2017-12-19,263.9,270.8,263.9,269.95,77528.0
2017-12-20,270.95,271.4,267.05,267.45,54043.0
2017-12-21,267.25,271.35,267.25,268.5,33234.0
2017-12-22,268.5,269.15,266.8,267.5,20926.0
2017-12-26,266.0,272.7,266.0,272.15,72424.0
2017-12-27,273.0,273.35,268.5,270.75,85068.0
2017-12-28,271.25,273.3,268.95,271.05,99567.0
2017-12-29,273.0,273.8,270.5,271.2,67927.0
2018-01-01,272.55,273.0,265.0,267.55,48099.0
2018-01-02,271.0,271.05,265.25,267.65,60386.0
2018-01-03,267.85,273.1,267.55,272.25,107268.0
2018-01-04,273.45,274.75,271.0,273.95,109986.0
2018-01-05,275.5,277.5,272.4,274.0,60702.0
2018-01-08,272.0,280.0,271.95,274.25,42741.0
2018-01-09,274.1,279.35,272.7,276.85,138188.0
2018-01-10,277.05,277.2,273.5,276.05,100078.0
2018-01-11,279.0,279.0,271.7,272.25,165240.0
2018-01-12,272.0,274.2,268.1,269.65,50254.0
2018-01-15,269.65,277.95,269.3,277.05,186640.0
2018-01-16,277.6,279.5,275.4,276.6,157039.0
2018-01-17,275.15,277.7,273.0,276.45,47008.0
2018-01-18,277.0,277.6,274.1,275.95,72994.0
2018-01-19,272.8,276.8,266.45,268.5,123868.0
2018-01-22,275.0,275.0,265.55,268.8,48322.0
2018-01-23,268.85,268.85,262.5,263.0,1578581.0
2018-01-24,263.5,265.5,259.75,260.3,105717.0
2018-01-25,260.75,264.8,259.8,263.15,100776.0
2018-01-29,260.55,265.9,260.55,263.6,59892.0
2018-01-30,261.15,263.4,258.7,260.95,70283.0
2018-01-31,261.7,262.4,257.3,261.05,53822.0
2018-02-01,263.1,268.6,260.4,264.85,138828.0
2018-02-02,263.05,264.85,257.4,259.3,142461.0
2018-02-05,256.0,261.7,252.25,259.2,66567.0
2018-02-06,256.0,256.05,247.65,255.0,101060.0
2018-02-07,255.0,257.95,240.15,245.4,207963.0
2018-02-08,247.0,266.0,245.7,261.65,139645.0
2018-02-09,256.8,262.0,255.35,258.5,103283.0
2018-02-12,256.55,263.05,256.05,257.1,75456.0
2018-02-14,257.1,258.5,253.0,254.0,55188.0
2018-02-15,254.6,262.35,251.05,253.4,236118.0
2018-02-16,253.5,261.6,253.0,257.25,351071.0
2018-02-19,259.9,260.6,255.2,257.75,178210.0
2018-02-20,258.8,267.7,256.9,263.1,435811.0
2018-02-21,268.8,269.0,260.25,261.65,212143.0
2018-02-22,257.9,258.85,255.0,256.85,123638.0
2018-02-23,257.2,262.0,255.6,259.7,84195.0
2018-02-26,261.15,264.5,260.4,262.3,97702.0
2018-02-27,258.0,260.0,250.1,252.05,312665.0
2018-02-28,251.0,253.3,247.1,252.6,93555.0
2018-03-01,253.7,256.0,251.5,252.95,70652.0
2018-03-05,252.3,252.45,244.8,246.15,70751.0
2018-03-06,250.0,250.0,240.0,240.95,117894.0
2018-03-07,241.0,241.0,234.5,235.15,62011.0
2018-03-08,236.65,237.65,231.75,236.25,63354.0
2018-03-09,239.0,239.0,234.5,235.1,77895.0
2018-03-12,236.6,241.85,232.5,240.55,64917.0
2018-03-13,242.0,244.0,237.7,239.2,1010312.0
2018-03-14,239.0,244.5,239.0,243.45,66216.0
2018-03-15,244.95,245.5,241.35,242.05,415010.0
2018-03-16,242.2,242.95,234.25,235.5,109488.0
2018-03-19,237.0,237.0,229.45,231.05,58524.0
2018-03-20,230.0,233.85,229.1,230.6,62819.0
2018-03-21,230.05,234.7,228.0,229.2,137752.0
2018-03-22,230.4,232.95,227.7,228.5,43946.0
2018-03-23,226.5,228.2,223.5,226.95,85491.0
2018-03-26,225.35,235.0,225.35,231.05,76160.0
2018-03-27,230.6,235.0,230.05,231.95,56378.0
2018-03-28,230.0,236.45,228.4,233.3,88348.0
2018-04-02,233.3,242.0,232.65,240.7,81000.0
2018-04-03,238.15,242.45,238.15,240.75,46800.0
2018-04-04,238.8,243.7,236.05,236.5,44023.0
2018-04-05,237.15,239.9,235.5,238.35,115730.0
2018-04-06,236.5,239.25,236.35,238.95,74096.0
2018-04-09,239.0,240.0,236.5,236.85,76983.0
2018-04-10,238.0,238.15,234.75,235.05,37515.0
2018-04-11,235.05,237.95,233.8,237.3,48580.0
2018-04-12,238.0,239.5,235.45,236.35,28155.0
2018-04-13,236.35,239.7,235.55,237.25,122212.0
2018-04-16,237.85,241.8,235.0,241.4,53196.0
2018-04-17,242.0,245.0,240.45,244.45,42689.0
2018-04-18,245.1,246.85,244.5,244.8,105474.0
2018-04-19,245.6,250.6,245.5,247.25,178912.0
2018-04-20,245.0,247.6,244.4,246.35,116678.0
2018-04-23,244.0,248.7,244.0,247.05,38714.0
2018-04-24,245.6,249.5,245.6,246.95,50799.0
2018-04-25,245.05,249.1,244.0,245.55,38656.0
2018-04-26,244.1,247.55,241.6,242.75,25228.0
2018-04-27,241.8,245.8,241.8,244.5,29825.0
2018-04-30,244.3,252.4,244.3,250.0,91946.0
2018-05-02,249.35,251.7,244.35,245.65,40788.0
2018-05-03,243.3,245.9,238.8,240.45,58622.0
2018-05-04,243.2,244.65,234.45,236.95,285010.0
2018-05-07,237.7,238.3,233.55,235.05,132349.0
2018-05-08,234.85,236.05,229.25,230.0,87130.0
2018-05-09,228.85,230.7,224.5,225.15,89868.0
2018-05-10,225.0,225.9,219.45,220.4,110985.0
2018-05-11,218.6,221.35,216.7,217.35,82514.0
2018-05-14,216.4,219.5,215.25,217.65,95073.0
2018-05-15,216.55,219.0,211.25,214.55,222093.0
2018-05-16,213.0,214.65,210.15,211.35,182802.0
2018-05-17,211.75,220.5,211.75,217.0,125873.0
2018-05-18,220.0,220.0,209.7,211.65,193403.0
2018-05-21,211.65,215.9,204.35,208.05,133798.0
2018-05-22,210.0,210.0,206.6,208.2,79579.0
2018-05-23,207.0,209.15,206.35,207.1,58088.0
2018-05-24,209.35,214.0,204.4,212.3,99313.0
2018-05-25,214.5,214.5,209.8,211.9,122092.0
2018-05-28,213.0,214.5,210.85,212.65,66253.0
2018-05-29,212.0,213.75,208.0,208.55,104802.0
2018-05-30,209.75,209.95,205.2,206.0,75526.0
2018-05-31,210.0,210.0,202.25,205.2,198365.0
2018-06-01,205.2,209.1,203.0,203.4,83811.0
2018-06-04,207.0,207.0,200.25,201.75,106953.0
2018-06-05,201.6,203.0,199.0,202.0,666924.0
2018-06-06,201.8,206.8,200.4,204.05,70451.0
2018-06-07,206.0,207.25,204.85,205.8,57598.0
2018-06-08,205.9,207.5,204.8,205.6,43556.0
2018-06-11,206.5,210.4,205.05,205.9,187905.0
2018-06-12,206.0,207.7,205.0,206.9,82116.0
2018-06-13,209.0,211.3,205.25,209.45,315201.0
2018-06-14,209.9,210.35,204.5,205.95,1083391.0
2018-06-15,205.0,207.7,202.05,204.9,59116.0
2018-06-18,204.3,205.5,202.0,203.4,50400.0
2018-06-19,203.7,203.85,199.0,200.0,1074875.0
2018-06-20,201.3,202.05,196.45,197.4,3808337.0
2018-06-21,198.05,198.15,195.75,197.3,1564308.0
2018-06-22,196.4,205.85,195.65,204.75,103642.0
2018-06-25,204.75,209.4,204.75,206.8,910831.0
2018-06-26,206.8,214.6,206.8,212.15,741692.0
2018-06-27,215.4,215.4,204.25,205.3,391455.0
2018-06-28,204.9,208.2,200.0,201.4,81535.0
2018-06-29,203.0,208.0,202.3,207.45,150749.0
2018-07-02,208.0,208.0,198.55,200.3,693194.0
2018-07-03,201.6,202.4,198.1,200.85,69025.0
2018-07-04,201.6,204.3,200.0,201.15,109444.0
2018-07-05,202.1,210.0,201.85,207.3,808054.0
2018-07-06,207.3,212.2,206.6,207.35,123969.0
2018-07-09,211.2,211.2,205.65,206.4,96635.0
2018-07-10,207.35,208.6,203.85,204.1,300420.0
2018-07-11,205.0,205.2,201.6,202.45,96302.0
2018-07-12,203.55,206.25,201.1,202.05,133083.0
2018-07-13,202.45,203.1,196.5,197.15,144857.0
2018-07-16,197.9,197.95,189.7,190.55,149850.0
2018-07-17,190.7,196.4,189.15,195.65,99697.0
2018-07-18,196.9,198.25,193.0,195.75,198222.0
2018-07-19,195.15,195.95,191.5,193.05,57615.0
2018-07-20,192.2,195.05,192.2,194.25,50881.0
2018-07-23,196.0,200.2,193.2,197.95,541991.0
2018-07-24,202.0,216.45,202.0,212.7,1221633.0
2018-07-25,215.0,216.6,206.25,209.5,720470.0
2018-07-26,214.5,225.5,213.5,223.8,1394481.0
2018-07-27,224.8,227.5,222.85,224.85,2782712.0
2018-07-30,227.45,228.3,223.0,226.85,118860.0
2018-07-31,225.75,231.0,224.5,230.05,101757.0
2018-08-01,230.0,234.95,228.8,233.5,149975.0
2018-08-02,232.1,233.35,227.45,228.8,91645.0
2018-08-03,229.0,230.45,224.9,225.75,92670.0
2018-08-06,227.95,229.0,222.5,228.15,94419.0
2018-08-07,229.0,233.0,227.55,229.75,132378.0
2018-08-08,229.75,233.05,226.85,230.35,115516.0
2018-08-09,231.9,233.4,230.05,232.55,74166.0
2018-08-10,232.55,233.0,224.55,227.45,142430.0
2018-08-13,226.3,226.3,220.0,220.65,296796.0
2018-08-14,220.65,227.45,220.65,226.55,65725.0
2018-08-16,225.05,226.0,222.7,224.65,104963.0
2018-08-17,227.0,229.95,225.25,228.75,102442.0
2018-08-20,228.2,233.05,227.5,229.45,110755.0
2018-08-21,231.2,241.4,230.95,238.7,978101.0
2018-08-23,241.2,241.45,235.25,236.95,122921.0
2018-08-24,236.5,241.15,235.15,236.4,137211.0
2018-08-27,236.6,242.95,235.25,241.55,135926.0
2018-08-28,243.0,243.4,233.8,236.25,169167.0
2018-08-29,237.9,237.9,232.6,233.7,149116.0
2018-08-30,237.5,240.4,231.9,238.25,151802.0
2018-08-31,237.5,243.0,236.35,241.45,72607.0
2018-09-03,240.6,245.25,238.75,240.1,119490.0
2018-09-04,240.25,240.25,226.0,227.85,234026.0
2018-09-05,228.0,229.45,219.1,223.4,291842.0
2018-09-06,227.9,233.3,223.05,226.5,202750.0
2018-09-07,232.2,232.2,222.0,227.35,97631.0
2018-09-10,227.45,228.1,219.55,220.35,177283.0
2018-09-11,220.0,223.65,218.8,219.7,118677.0
2018-09-12,220.7,227.6,219.25,226.45,148557.0
2018-09-14,226.9,232.25,226.9,229.95,374818.0
2018-09-17,229.65,232.0,225.15,225.75,117542.0
2018-09-18,227.9,227.9,221.25,223.35,168652.0
2018-09-19,226.0,226.3,222.15,225.05,61480.0
2018-09-21,225.05,226.5,208.6,225.3,150447.0
2018-09-24,225.8,226.85,217.45,218.45,234285.0
2018-09-25,217.25,227.3,216.35,225.55,105367.0
2018-09-26,225.9,229.0,223.7,226.0,106827.0
2018-09-27,227.7,234.6,225.0,227.05,337351.0
2018-09-28,226.35,231.0,221.2,222.95,223951.0
2018-10-01,224.75,226.65,216.8,222.05,1558775.0
2018-10-03,222.05,222.1,211.0,214.55,1373596.0
2018-10-04,211.0,216.5,207.4,213.45,248568.0
2018-10-05,211.1,213.95,206.75,208.05,227879.0
2018-10-08,205.3,210.35,202.75,207.95,282511.0
2018-10-09,210.0,212.05,202.5,205.15,154611.0
2018-10-10,206.4,211.6,203.35,209.7,103578.0
2018-10-11,206.0,208.85,200.45,207.3,297629.0
2018-10-12,208.05,226.35,208.05,221.35,288084.0
2018-10-15,221.45,221.45,209.7,216.7,241075.0
2018-10-16,218.9,223.6,217.0,221.4,99375.0
2018-10-17,221.95,227.5,213.45,218.1,228471.0
2018-10-19,217.0,217.0,206.5,208.4,329280.0
2018-10-22,210.1,213.1,204.2,205.8,130100.0
2018-10-23,208.5,208.5,197.35,201.15,289445.0
2018-10-24,200.45,203.2,193.05,196.6,2866099.0
2018-10-25,195.0,197.3,191.35,193.1,89539.0
2018-10-26,196.0,197.0,188.75,190.35,2876425.0
2018-10-29,194.0,194.3,189.2,192.9,23115721.0
2018-10-30,194.0,197.0,192.0,192.5,150080.0
2018-10-31,193.5,198.05,188.5,197.1,2834502.0
2018-11-01,197.05,200.8,197.05,199.8,278856.0
2018-11-02,201.2,208.35,201.2,203.5,1117199.0
2018-11-05,206.0,206.0,202.5,205.1,74625.0
2018-11-06,205.75,206.95,203.35,203.65,47193.0
2018-11-09,206.45,207.25,204.65,205.25,54309.0
2018-11-12,206.0,208.0,201.5,203.15,89557.0
2018-11-13,202.8,206.25,201.5,205.8,76223.0
2018-11-14,206.8,213.65,206.5,211.15,5066829.0
2018-11-15,211.0,218.3,208.25,217.1,153731.0
2018-11-16,217.55,219.0,215.2,216.8,79337.0
2018-11-19,217.9,221.25,215.0,219.7,104347.0
2018-11-20,219.9,219.9,214.0,215.1,42594.0
2018-11-21,217.4,218.4,214.25,217.6,30720.0
2018-11-22,219.2,219.2,213.55,214.65,39660.0
2018-11-26,215.05,216.9,211.75,216.4,91294.0
2018-11-27,215.7,218.0,214.4,215.35,299254.0
2018-11-28,216.8,217.4,213.5,214.3,41299.0
2018-11-29,216.35,219.85,215.2,217.0,2145749.0
2018-11-30,217.1,220.75,216.0,218.0,1217563.0
2018-12-03,215.55,222.85,215.55,220.4,113902.0
2018-12-04,220.65,223.5,217.95,219.45,73107.0
2018-12-05,218.25,218.6,215.5,216.45,65155.0
2018-12-06,214.95,215.5,207.05,208.45,68721.0
2018-12-07,209.8,213.0,207.95,212.15,46903.0
2018-12-10,209.65,209.65,204.0,205.1,164120.0
2018-12-11,204.05,215.15,203.0,212.4,175043.0
2018-12-12,212.9,218.35,212.9,216.15,115299.0
2018-12-13,217.8,221.0,216.25,218.75,89942.0
2018-12-14,223.0,224.85,217.6,219.25,305808.0
2018-12-17,220.0,221.0,217.5,218.6,118511.0
2018-12-18,218.7,221.95,218.15,219.75,54631.0
2018-12-19,220.0,230.25,220.0,227.2,431567.0
2018-12-20,226.8,229.45,223.9,225.1,112146.0
2018-12-21,224.4,225.85,219.0,220.75,79778.0
2018-12-24,216.8,218.5,213.25,214.05,107304.0
2018-12-26,213.9,221.45,210.0,220.6,151432.0
2018-12-27,220.1,222.75,215.95,216.75,105599.0
2018-12-28,218.05,222.75,217.25,220.75,66416.0
2018-12-31,221.0,225.2,219.95,224.4,97388.0
2019-01-01,225.55,225.55,221.3,222.65,35048.0
2019-01-02,223.25,223.55,218.3,219.1,74421.0
2019-01-03,219.75,220.5,213.5,214.0,108528.0
2019-01-04,218.5,218.5,211.2,216.05,95017.0
2019-01-07,219.35,220.2,216.6,218.3,96587.0
2019-01-08,217.5,219.65,215.3,218.45,47348.0
2019-01-09,220.0,220.0,211.45,212.95,113527.0
2019-01-10,213.35,215.1,210.9,212.45,3065591.0
2019-01-11,213.65,214.6,211.7,212.7,100719.0
2019-01-14,213.1,215.15,211.5,214.65,105257.0
2019-01-15,214.9,217.4,214.8,216.5,50186.0
2019-01-16,216.5,219.5,215.75,216.5,37882.0
2019-01-17,218.5,218.55,214.3,215.1,45111.0
2019-01-18,215.9,216.15,212.4,212.9,29973.0
2019-01-21,212.6,214.5,211.5,212.55,115806.0
2019-01-22,212.3,215.25,211.5,213.55,51555.0
2019-01-23,212.35,215.5,210.65,212.0,38739.0
2019-01-24,212.6,213.4,208.5,210.7,81934.0
2019-01-25,212.65,213.5,201.35,202.5,104675.0
2019-01-28,200.0,204.15,198.1,199.2,134938.0
2019-01-29,199.0,205.0,198.35,200.9,147613.0
2019-01-30,201.0,205.25,198.55,204.2,72359.0
2019-01-31,206.0,211.75,204.5,210.2,114191.0
2019-02-01,210.35,215.15,209.3,211.8,125752.0
2019-02-04,211.8,212.8,208.2,212.3,69512.0
2019-02-05,213.0,215.1,206.5,209.05,98561.0
2019-02-06,210.0,215.1,208.5,214.35,67965.0
2019-02-07,215.0,218.3,213.35,215.15,46050.0
2019-02-08,216.0,217.05,212.0,213.4,42426.0
2019-02-11,214.1,214.1,206.0,208.0,47351.0
2019-02-12,205.8,209.0,203.95,207.4,45321.0
2019-02-13,207.45,209.8,205.2,206.4,51649.0
2019-02-14,205.45,206.95,203.2,204.75,116434.0
2019-02-15,203.5,205.9,200.65,204.95,119270.0
2019-02-18,204.7,204.9,196.6,197.85,398396.0
2019-02-19,198.1,202.7,197.2,200.1,447321.0
2019-02-20,199.0,208.0,199.0,206.85,212387.0
2019-02-21,214.0,214.0,202.65,210.0,189234.0
2019-02-22,210.0,211.7,208.4,211.25,72449.0
2019-02-25,211.0,212.5,209.5,210.35,50298.0
2019-02-26,209.7,212.85,205.0,212.05,371354.0
2019-02-27,214.95,219.45,212.05,214.45,149547.0
2019-02-28,216.4,216.4,211.0,212.3,82776.0
2019-03-01,215.0,219.0,213.1,217.3,88884.0
2019-03-05,218.05,223.2,217.8,221.85,138997.0
2019-03-06,222.05,226.15,219.7,220.5,138989.0
2019-03-07,223.8,224.8,219.3,221.15,134681.0
2019-03-08,222.0,227.0,220.45,225.7,131100.0
2019-03-11,225.5,233.9,225.5,232.8,192883.0
2019-03-12,233.0,236.9,231.0,233.35,119264.0
2019-03-13,235.0,235.5,228.5,229.75,108414.0
2019-03-14,231.4,231.4,224.0,224.65,76577.0
2019-03-15,223.0,229.45,223.0,225.35,124176.0
2019-03-18,225.4,229.6,225.1,226.65,72782.0
2019-03-19,226.7,231.2,226.7,229.8,69993.0
2019-03-20,230.5,230.65,227.2,227.9,31472.0
2019-03-22,227.1,233.25,227.1,229.45,98894.0
2019-03-25,229.45,232.0,226.5,229.35,142009.0
2019-03-26,228.0,232.25,228.0,231.4,67172.0
2019-03-27,232.0,238.15,230.65,232.4,154964.0
2019-03-28,232.0,234.6,227.9,231.75,65478.0
2019-03-29,232.8,236.0,230.55,235.05,123294.0
2019-04-01,236.25,244.0,233.45,234.5,178056.0
2019-04-02,234.0,236.55,227.25,229.8,140449.0
2019-04-03,230.0,235.55,226.35,227.0,79391.0
2019-04-04,228.0,229.4,222.05,222.75,154084.0
2019-04-05,223.6,227.5,222.75,224.15,130217.0
2019-04-08,226.8,228.9,224.4,225.5,131875.0
2019-04-09,225.55,228.0,222.0,227.15,57945.0
2019-04-10,226.8,227.5,223.2,223.85,53357.0
2019-04-11,224.2,228.05,222.75,226.65,89981.0
2019-04-12,228.0,230.65,226.8,228.65,88671.0
2019-04-15,229.2,230.1,226.8,228.1,65546.0
2019-04-16,228.9,232.8,227.8,231.55,79590.0
2019-04-18,231.55,235.25,230.0,234.0,113414.0
2019-04-22,232.9,232.9,225.4,226.45,68873.0
2019-04-23,226.5,228.8,225.0,226.8,51810.0
2019-04-24,223.8,226.0,216.5,224.4,293157.0
2019-04-25,223.0,229.95,219.5,220.1,152227.0
2019-04-26,221.3,226.5,221.3,225.9,63837.0
2019-04-30,226.55,227.8,217.9,220.7,429606.0
2019-05-02,220.5,225.8,218.05,221.1,256463.0
2019-05-03,221.15,223.5,220.4,221.4,71369.0
2019-05-06,221.2,221.2,217.2,219.15,79290.0
2019-05-07,220.8,222.45,217.3,218.2,81405.0
2019-05-08,218.5,219.1,213.0,213.5,145172.0
2019-05-09,213.5,214.1,210.6,213.1,151493.0
2019-05-10,214.7,216.0,213.3,215.0,77135.0
2019-05-13,214.05,215.7,208.05,210.2,101902.0
2019-05-14,210.0,213.85,208.35,212.2,73580.0
2019-05-15,212.95,213.7,208.7,209.6,148464.0
2019-05-16,209.0,216.5,207.9,215.3,106440.0
2019-05-17,213.25,219.8,213.2,218.9,133501.0
2019-05-20,223.0,228.45,219.85,224.45,174748.0
2019-05-21,226.0,226.9,219.5,220.55,180923.0
2019-05-22,221.0,223.2,218.8,220.05,79134.0
2019-05-23,222.8,230.5,221.55,222.55,149658.0
2019-05-24,224.1,233.05,222.7,232.05,350035.0
2019-05-27,232.1,239.1,231.55,238.65,258495.0
2019-05-28,238.0,240.25,235.75,238.4,142958.0
2019-05-29,239.0,239.15,232.0,234.05,69092.0
2019-05-30,236.85,236.85,232.45,233.4,39040.0
2019-05-31,234.0,234.85,228.15,230.65,64505.0
2019-06-03,232.0,237.5,229.95,236.8,108275.0
2019-06-04,236.0,237.85,225.8,227.0,210627.0
2019-06-06,227.7,227.7,220.0,221.85,213497.0
2019-06-07,221.9,226.85,220.3,221.85,89999.0
2019-06-10,223.25,225.0,222.0,222.9,106633.0
2019-06-11,223.05,224.7,221.75,223.1,98431.0
2019-06-12,222.0,225.0,219.8,220.7,104312.0
2019-06-13,220.05,222.0,216.2,220.9,118993.0
2019-06-14,220.1,220.75,212.1,214.35,150250.0
2019-06-17,214.25,214.25,204.85,205.7,145702.0
2019-06-18,207.8,210.65,206.05,210.15,105668.0
2019-06-19,210.2,212.45,205.35,206.45,121581.0
2019-06-20,208.7,214.1,204.8,213.6,76978.0
2019-06-21,213.6,215.1,212.0,212.75,84089.0
2019-06-24,213.0,216.7,212.5,214.9,87939.0
2019-06-25,214.45,215.85,211.5,215.15,53229.0
2019-06-26,215.05,220.0,215.0,219.4,96068.0
2019-06-27,219.0,219.7,216.8,218.2,75503.0
2019-06-28,219.6,219.6,212.05,212.9,76350.0
2019-07-01,214.6,215.95,211.55,212.9,51481.0
2019-07-02,215.95,215.95,213.5,214.9,52989.0
2019-07-03,216.0,216.0,213.2,214.85,55947.0
2019-07-04,215.0,217.45,214.5,216.0,90917.0
2019-07-05,217.4,219.0,209.45,210.15,156287.0
2019-07-08,209.0,209.0,204.0,205.4,90102.0
2019-07-09,206.65,211.75,203.7,211.15,149307.0
2019-07-10,210.3,211.9,207.9,208.8,42709.0
2019-07-11,212.2,212.65,209.75,211.55,42905.0
2019-07-12,213.05,216.15,212.55,214.05,110056.0
2019-07-15,217.4,219.95,211.5,219.65,220427.0
2019-07-16,220.5,220.65,216.55,219.9,182032.0
2019-07-17,219.9,221.75,217.0,219.35,127562.0
2019-07-18,216.1,221.15,215.0,216.9,101127.0
2019-07-19,221.35,223.95,212.0,213.8,284906.0
2019-07-22,214.15,216.7,210.95,215.9,89607.0
2019-07-23,215.65,219.05,215.4,217.25,111067.0
2019-07-24,218.0,219.0,213.5,215.6,55071.0
2019-07-25,217.7,219.9,211.05,214.75,211139.0
2019-07-26,214.0,215.5,209.1,213.4,119186.0
2019-07-29,213.45,218.0,204.2,205.1,107385.0
2019-07-30,206.9,207.95,201.05,202.05,98124.0
2019-07-31,200.7,202.8,198.0,201.85,144916.0
2019-08-01,201.0,201.75,194.15,196.85,111726.0
2019-08-02,195.0,202.1,193.8,199.3,111317.0
2019-08-05,199.0,199.4,194.95,197.35,83127.0
2019-08-06,199.7,203.2,195.25,201.75,112684.0
2019-08-07,201.95,206.2,201.95,205.0,128739.0
2019-08-08,207.0,211.35,204.0,206.35,137934.0
2019-08-09,210.8,214.75,208.85,212.95,89138.0
2019-08-13,214.5,214.5,207.2,208.75,109651.0
2019-08-14,209.95,214.9,209.55,213.9,82983.0
2019-08-16,213.0,215.0,209.95,213.95,54549.0
2019-08-19,214.7,216.65,211.3,211.95,69507.0
2019-08-20,211.2,211.2,205.2,205.8,116020.0
2019-08-21,205.05,206.65,200.55,201.2,90952.0
2019-08-22,200.45,200.85,196.5,197.7,96158.0
2019-08-23,196.15,199.65,195.9,197.35,95625.0
2019-08-26,201.4,203.1,194.7,202.7,161199.0
2019-08-27,203.85,207.45,203.0,205.15,80592.0
2019-08-28,205.0,207.4,202.9,205.0,71496.0
2019-08-29,203.65,205.0,199.5,200.1,82121.0
2019-08-30,201.25,202.9,199.2,202.25,70552.0
2019-09-03,200.05,200.5,192.6,193.25,142951.0
2019-09-04,192.35,192.4,188.5,191.0,149119.0
2019-09-05,192.0,193.65,190.6,193.25,93543.0
2019-09-06,193.25,196.65,193.25,194.8,75786.0
2019-09-09,198.8,198.8,193.9,195.55,46825.0
2019-09-11,197.4,198.3,195.0,197.25,73410.0
2019-09-12,198.75,200.15,195.25,195.9,81789.0
2019-09-13,198.9,201.9,194.0,200.95,108106.0
2019-09-16,197.8,203.85,197.8,201.4,140485.0
2019-09-17,201.0,201.1,193.6,194.35,114351.0
2019-09-18,195.0,196.75,194.4,195.7,60151.0
2019-09-19,196.0,196.45,190.45,191.9,61513.0
2019-09-20,192.5,217.25,191.5,215.3,334160.0
2019-09-23,215.6,224.9,215.6,220.4,393921.0
2019-09-24,221.0,221.0,212.65,215.7,156849.0
2019-09-25,214.0,215.55,207.25,210.05,101905.0
2019-09-26,211.5,211.7,207.65,210.75,95232.0
2019-09-27,212.9,212.9,206.0,206.95,63740.0
2019-09-30,206.65,206.65,202.7,203.85,66696.0
2019-10-01,204.4,205.3,193.95,199.7,164475.0
2019-10-03,199.7,200.8,193.7,196.5,95122.0
2019-10-04,197.95,198.15,189.05,189.8,156941.0
2019-10-07,191.9,191.9,185.25,186.0,131327.0
2019-10-09,185.0,193.35,184.15,192.35,151162.0
2019-10-10,191.0,191.4,186.95,187.95,62251.0
2019-10-11,189.6,190.9,186.9,189.15,77882.0
2019-10-14,190.0,195.25,189.0,194.05,94545.0
2019-10-15,194.2,198.5,194.15,196.85,109621.0
2019-10-16,199.1,203.05,198.9,202.6,384510.0
2019-10-17,203.0,208.0,202.05,206.8,116413.0
2019-10-18,207.25,209.8,206.35,207.65,151220.0
2019-10-22,206.0,206.0,192.65,195.8,659243.0
2019-10-23,197.95,197.95,193.25,196.8,453880.0
2019-10-24,198.45,199.05,194.5,197.85,155763.0
2019-10-25,198.85,199.05,195.35,197.35,112629.0
2019-10-29,197.7,200.0,197.05,199.15,54443.0
2019-10-30,200.0,203.55,199.8,200.7,82959.0
2019-10-31,203.85,203.85,199.35,202.25,59074.0
2019-11-01,203.25,204.0,199.85,201.7,90812.0
2019-11-04,203.0,206.75,202.6,203.1,92770.0
2019-11-05,205.0,205.0,200.65,201.6,68660.0
2019-11-06,201.3,203.5,198.75,202.05,63718.0
2019-11-07,205.85,205.85,199.4,203.1,77432.0
2019-11-08,203.15,204.85,200.1,202.05,69833.0
2019-11-11,202.05,202.05,199.0,200.25,32221.0
2019-11-13,202.0,202.05,194.9,195.15,41217.0
2019-11-14,196.2,200.85,193.1,200.6,89432.0
2019-11-15,200.95,202.3,199.0,201.05,70437.0
2019-11-18,203.45,204.2,200.35,201.2,59489.0
2019-11-19,201.9,202.35,198.8,201.25,52621.0
2019-11-20,204.7,204.7,201.05,201.6,38053.0
2019-11-21,202.0,202.0,200.45,201.0,19854.0
2019-11-22,201.0,201.85,198.35,200.55,62478.0
2019-11-25,203.0,203.0,198.2,200.6,41575.0
2019-11-26,201.0,203.15,199.45,200.05,93137.0
2019-11-27,200.15,205.15,200.15,203.65,169254.0
2019-11-28,204.3,206.3,203.45,204.9,313721.0
2019-11-29,205.9,208.1,204.0,204.65,71933.0
2019-12-02,207.9,210.9,204.65,209.6,101006.0
2019-12-03,209.5,210.45,201.5,202.05,79459.0
2019-12-04,201.15,205.95,198.25,205.35,148540.0
2019-12-05,206.1,206.3,200.85,201.4,36591.0
2019-12-06,204.0,204.0,199.6,201.0,62107.0
2019-12-09,201.05,201.55,198.6,199.65,30994.0
2019-12-10,200.35,200.35,195.4,195.8,55116.0
2019-12-11,196.65,197.0,190.2,191.55,71681.0
2019-12-12,193.0,194.35,191.2,193.15,1101226.0
2019-12-13,193.5,199.3,193.5,197.8,108838.0
2019-12-16,198.0,198.9,193.85,194.65,116404.0
2019-12-17,194.5,199.25,194.4,198.5,75025.0
2019-12-18,198.95,199.75,194.25,196.7,54458.0
2019-12-19,196.7,198.2,195.9,196.9,27517.0
2019-12-20,196.05,196.85,193.1,194.35,89075.0
2019-12-23,194.15,198.45,194.1,197.85,58939.0
2019-12-24,199.45,199.45,195.3,196.4,59030.0
2019-12-26,195.0,197.35,193.8,194.1,34881.0
2019-12-27,195.15,195.7,194.1,194.85,43823.0
2019-12-30,195.3,197.4,193.6,195.55,54615.0
2019-12-31,195.5,198.3,194.9,196.3,482490.0
2020-01-01,197.4,197.7,196.0,196.85,71954.0
2020-01-02,197.3,206.5,197.3,205.4,451248.0
2020-01-03,205.5,205.6,202.45,203.4,69640.0
2020-01-06,201.0,202.15,196.35,196.85,82570.0
2020-01-07,202.8,202.9,196.65,199.1,170367.0
2020-01-08,197.7,204.5,195.65,201.65,310791.0
2020-01-09,204.5,209.25,204.0,207.95,356560.0
2020-01-10,208.1,213.9,206.9,211.65,210546.0
2020-01-13,212.0,214.35,210.6,211.45,147522.0
2020-01-14,211.85,212.45,208.9,209.25,54651.0
2020-01-15,211.1,212.7,206.85,212.15,812149.0
2020-01-16,213.0,214.3,209.25,209.95,294778.0
2020-01-17,209.7,212.2,208.7,210.5,478461.0
2020-01-20,211.0,211.35,206.7,206.95,29266.0
2020-01-21,206.75,209.85,205.9,207.5,1035688.0
2020-01-22,207.6,212.15,207.6,210.3,67736.0
2020-01-23,210.0,214.9,209.95,213.75,134427.0
2020-01-24,213.6,216.9,212.75,215.85,927760.0
2020-01-27,214.65,218.9,214.55,215.5,44616.0
2020-01-28,216.0,220.15,214.4,216.1,277029.0
2020-01-29,217.5,218.3,213.35,214.0,73467.0
2020-01-30,214.55,214.55,208.75,209.7,47526.0
2020-01-31,209.15,211.8,203.55,204.45,57031.0
2020-02-03,196.0,202.4,196.0,200.65,104742.0
2020-02-04,202.8,209.8,202.5,206.9,96871.0
2020-02-05,209.0,209.0,205.45,206.5,348564.0
2020-02-06,207.55,209.1,204.65,207.55,62388.0
2020-02-07,208.05,211.85,207.4,209.7,61496.0
2020-02-10,209.95,210.7,206.25,207.1,72772.0
2020-02-11,212.7,213.4,208.25,212.0,140340.0
2020-02-12,214.0,214.0,210.4,211.5,78779.0
2020-02-13,210.0,211.35,208.1,208.65,39456.0
2020-02-14,208.35,212.1,204.9,205.6,69727.0
2020-02-17,206.0,206.5,202.5,203.7,44137.0
2020-02-18,203.2,203.3,197.8,200.95,64461.0
2020-02-19,203.05,206.25,202.0,205.95,44069.0
2020-02-20,205.0,210.2,204.55,205.8,110374.0
2020-02-24,208.0,212.7,202.3,209.9,233850.0
2020-02-25,212.0,213.95,209.4,211.6,108298.0
2020-02-26,212.85,216.0,210.3,213.6,121023.0
2020-02-27,214.5,215.2,210.6,211.7,96597.0
2020-02-28,207.5,209.35,203.3,205.05,133244.0
2020-03-02,215.0,216.35,199.85,202.4,220860.0
2020-03-03,202.3,212.05,202.3,211.1,99363.0
2020-03-04,211.35,212.9,204.75,208.2,73575.0
2020-03-05,210.0,211.7,203.65,204.25,64722.0
2020-03-06,201.0,206.3,196.5,205.0,63533.0
2020-03-09,201.3,203.0,191.7,193.4,105985.0
2020-03-11,194.7,196.15,189.8,190.25,51923.0
2020-03-12,185.5,185.5,169.25,175.85,229410.0
2020-03-13,170.0,190.45,153.3,187.3,280195.0
2020-03-16,188.0,188.0,172.2,179.2,156505.0
2020-03-17,178.2,181.45,170.1,171.75,243033.0
2020-03-18,175.0,175.0,158.35,159.6,243309.0
2020-03-19,154.9,161.05,149.55,154.35,311683.0
2020-03-20,154.0,168.65,151.95,160.9,597052.0
2020-03-23,149.7,150.75,139.8,145.5,128134.0
2020-03-24,150.0,155.8,140.95,142.15,183216.0
2020-03-25,141.0,144.4,137.0,139.15,100815.0
2020-03-26,147.0,147.0,136.65,144.2,219588.0
2020-03-27,144.05,151.95,139.7,141.2,231761.0
2020-03-30,144.8,154.05,137.75,148.15,138970.0
2020-03-31,146.8,157.0,146.8,155.7,94442.0
2020-04-01,148.05,158.45,148.05,156.75,160975.0
2020-04-03,157.0,157.0,151.7,153.05,600559.0
2020-04-07,153.0,160.55,153.0,159.1,246820.0
2020-04-08,160.0,160.0,148.25,149.75,290294.0
2020-04-09,149.75,160.55,149.75,158.85,280400.0
2020-04-13,160.0,172.3,157.5,164.9,838749.0
2020-04-15,170.0,173.9,167.4,168.55,256804.0
2020-04-16,169.2,174.55,163.0,169.6,232882.0
2020-04-17,177.8,178.2,169.5,174.6,319106.0
2020-04-20,176.9,176.9,170.0,170.25,182031.0
2020-04-21,170.0,170.0,164.25,167.65,224979.0
2020-04-22,169.95,177.7,166.45,176.7,160635.0
2020-04-23,179.8,179.8,170.5,171.45,160285.0
2020-04-24,170.0,171.6,167.1,167.95,124796.0
2020-04-27,174.0,174.0,168.75,172.3,158519.0
2020-04-28,180.0,180.0,166.75,168.0,488399.0
2020-04-29,167.5,170.7,165.65,169.5,188564.0
2020-04-30,170.9,174.85,170.8,171.7,176908.0
2020-05-04,169.0,169.8,161.55,162.45,200354.0
2020-05-05,167.6,168.8,163.8,164.8,135237.0
2020-05-06,165.0,170.45,164.5,167.9,184288.0
2020-05-07,165.2,170.7,165.2,168.55,114085.0
2020-05-08,168.5,172.85,168.5,169.35,126335.0
2020-05-11,170.7,174.65,170.5,174.0,139100.0
2020-05-12,174.6,176.25,170.75,175.15,133203.0
2020-05-13,180.5,190.9,180.5,182.95,416895.0
2020-05-14,182.0,184.0,178.65,182.55,106657.0
2020-05-15,183.45,184.7,179.9,181.65,114025.0
2020-05-18,184.6,184.6,171.05,172.05,139038.0
2020-05-19,173.25,176.7,170.45,174.6,105137.0
2020-05-20,171.0,180.8,171.0,179.5,125761.0
2020-05-21,180.0,183.6,177.4,181.05,127351.0
2020-05-22,180.05,187.75,177.45,187.1,261089.0
2020-05-26,189.6,190.0,185.65,188.75,188120.0
2020-05-27,190.0,190.0,185.1,187.5,87307.0
2020-05-28,187.5,191.95,185.55,191.45,155015.0
2020-05-29,191.0,194.85,187.15,191.35,190544.0
2020-06-01,194.5,195.65,188.3,189.0,231104.0
2020-06-02,191.95,193.65,188.3,191.25,114243.0
2020-06-03,193.6,193.9,186.7,187.75,140854.0
2020-06-04,188.9,189.15,182.1,186.8,440398.0
2020-06-05,188.95,195.8,186.45,195.15,149343.0
2020-06-08,199.0,199.0,190.7,191.35,159143.0
2020-06-09,193.45,195.2,186.85,188.1,127716.0
2020-06-10,188.0,194.15,188.0,191.95,94646.0
2020-06-11,193.5,194.0,189.0,189.4,77135.0
2020-06-12,182.95,194.9,181.75,193.75,158185.0
2020-06-15,193.0,194.4,190.25,191.45,71842.0
2020-06-16,193.8,198.4,187.85,190.4,224218.0
2020-06-17,188.35,191.35,186.3,187.15,103761.0
2020-06-18,186.9,188.9,185.75,187.35,175217.0
2020-06-19,187.7,193.75,187.7,190.7,196698.0
2020-06-22,194.35,194.35,190.6,191.1,63352.0
2020-06-23,191.1,196.2,191.1,193.15,153508.0
2020-06-24,195.0,198.05,186.55,189.15,175026.0
2020-06-25,187.5,191.2,185.4,186.25,125266.0
2020-06-26,186.55,188.7,186.15,188.05,106521.0
2020-06-29,188.05,188.3,183.35,187.6,110460.0
2020-06-30,188.1,194.85,187.95,193.45,259914.0
2020-07-01,194.1,195.5,190.65,192.25,90972.0
2020-07-02,193.0,196.2,192.15,193.7,128018.0
2020-07-03,193.9,196.15,192.1,195.85,119414.0
2020-07-06,197.1,197.6,193.4,194.0,104213.0
2020-07-07,193.9,194.5,191.0,193.3,90887.0
2020-07-08,193.7,196.55,192.85,195.6,109391.0
2020-07-09,195.7,202.95,195.6,201.95,377842.0
2020-07-10,202.8,204.35,196.5,197.15,227788.0
2020-07-13,197.55,199.7,193.9,198.45,229199.0
2020-07-14,199.0,199.2,190.1,190.6,85043.0
2020-07-15,192.0,193.15,187.75,188.65,156219.0
2020-07-16,190.0,192.95,185.8,192.5,75735.0
2020-07-17,192.85,195.5,191.6,193.4,76787.0
2020-07-20,194.0,197.0,194.0,195.85,56714.0
2020-07-21,199.8,207.8,199.8,204.8,514482.0
2020-07-22,205.0,205.0,199.1,201.0,52501.0
2020-07-23,201.5,203.35,197.3,197.8,78975.0
2020-07-24,198.0,202.45,196.6,201.0,364648.0
2020-07-27,207.7,208.8,202.05,206.95,644084.0
2020-07-28,206.95,217.5,206.0,216.75,261043.0
2020-07-29,217.4,219.6,213.85,215.65,213159.0
2020-07-30,217.5,222.0,213.8,221.25,182930.0
2020-07-31,219.5,225.4,217.7,220.0,142794.0
2020-08-03,219.7,225.9,218.95,221.05,145465.0
2020-08-04,221.6,225.0,220.4,221.8,97546.0
2020-08-05,222.0,224.15,219.4,220.9,80660.0
2020-08-06,222.95,224.65,221.05,223.15,69106.0
2020-08-07,224.0,226.25,218.65,219.6,90934.0
2020-08-10,220.15,223.4,219.45,221.65,106648.0
2020-08-11,223.0,229.25,221.65,222.65,259746.0
2020-08-12,222.65,223.0,219.55,221.8,100911.0
2020-08-13,221.25,224.65,219.95,222.0,72810.0
2020-08-14,220.55,224.5,218.9,220.6,63212.0
2020-08-17,222.3,222.45,218.2,219.3,52241.0
2020-08-18,221.0,229.0,220.0,228.3,112694.0
2020-08-19,230.0,231.85,225.6,226.75,186949.0
2020-08-20,226.6,228.35,224.05,225.4,68275.0
2020-08-21,224.85,228.5,224.5,225.95,70039.0
2020-08-24,227.0,227.15,223.15,224.25,77367.0
2020-08-25,223.0,226.0,221.2,222.6,56605.0
2020-08-26,222.7,222.7,219.65,220.9,131873.0
2020-08-27,221.0,223.55,220.3,221.75,96959.0
2020-08-28,223.0,225.0,220.5,222.2,740019.0
2020-08-31,223.0,223.95,208.7,210.5,119853.0
2020-09-01,219.8,219.8,208.45,213.0,677541.0
2020-09-02,215.0,218.35,211.65,217.4,68702.0
2020-09-03,220.9,220.9,213.6,214.55,59811.0
2020-09-04,211.0,212.6,207.5,208.65,70173.0
2020-09-07,208.6,212.35,206.55,210.45,131679.0
2020-09-08,210.55,210.55,205.75,206.5,44543.0
2020-09-09,206.2,210.25,204.4,209.45,54302.0
2020-09-10,210.9,214.5,207.35,212.75,65724.0
2020-09-11,214.4,214.4,211.25,212.4,42865.0
2020-09-14,212.6,217.0,210.0,210.85,62598.0
2020-09-15,209.05,217.9,209.05,217.55,56219.0
2020-09-16,218.45,220.95,216.1,218.5,145982.0
2020-09-17,218.5,222.65,217.35,220.2,122262.0
2020-09-18,222.0,222.9,217.2,219.9,57697.0
2020-09-21,220.0,220.0,207.95,209.7,51467.0
2020-09-22,209.3,210.4,203.2,206.8,47100.0
2020-09-23,206.8,211.05,204.85,209.25,269114.0
2020-09-24,205.55,208.05,197.5,198.4,87695.0
2020-09-25,200.0,206.65,199.0,205.55,106976.0
2020-09-28,201.5,212.55,201.5,211.7,69135.0
2020-09-29,210.35,218.25,210.35,216.65,108239.0
2020-09-30,218.4,218.4,214.0,216.95,103842.0
2020-10-01,218.2,221.85,218.0,221.2,71857.0
2020-10-05,223.0,224.05,219.6,221.4,103010.0
2020-10-06,221.4,227.7,220.25,225.4,148595.0
2020-10-07,225.6,237.7,224.9,234.75,508306.0
2020-10-08,237.15,239.35,231.45,238.1,243027.0
2020-10-09,238.5,240.4,235.1,239.35,90810.0
2020-10-12,239.0,242.3,233.35,238.3,189431.0
2020-10-13,239.25,249.25,237.1,241.8,367682.0
2020-10-14,242.0,248.0,240.2,246.65,176383.0
2020-10-15,247.1,250.25,240.8,243.3,140913.0
2020-10-16,243.9,248.95,240.2,248.1,184024.0
2020-10-19,248.15,249.35,243.5,247.6,163415.0
2020-10-20,249.0,254.85,247.15,251.4,384530.0
2020-10-21,252.9,254.3,246.25,253.4,257360.0
2020-10-22,253.2,255.45,249.7,253.85,230041.0
2020-10-23,256.9,256.9,245.8,247.5,410754.0
2020-10-26,249.0,249.0,242.5,245.0,278370.0
2020-10-27,244.0,256.9,243.8,255.95,238140.0
2020-10-28,252.5,254.65,250.45,251.75,155251.0
2020-10-29,249.9,254.55,248.6,253.9,85149.0
2020-10-30,254.8,265.75,252.9,259.55,395308.0
2020-11-02,261.9,261.9,257.25,260.45,181349.0
2020-11-03,263.2,263.2,257.65,262.2,122843.0
2020-11-04,262.0,265.15,259.6,264.4,256770.0
2020-11-05,252.8,258.65,250.95,255.7,269863.0
2020-11-06,256.1,256.5,247.1,248.0,155285.0
2020-11-09,250.0,251.9,247.15,249.35,271115.0
2020-11-10,250.55,256.2,248.5,249.8,423866.0
2020-11-11,252.0,260.7,251.8,259.5,260622.0
2020-11-12,258.0,264.15,256.3,262.5,256643.0
2020-11-13,261.9,262.15,255.75,257.65,116190.0
2020-11-17,259.55,271.95,259.55,268.05,377526.0
2020-11-18,267.35,267.8,260.7,261.9,229081.0
2020-11-19,261.7,265.5,256.6,258.6,215100.0
2020-11-20,260.0,261.65,253.75,257.2,125997.0
2020-11-23,258.35,262.5,257.5,258.15,148708.0
2020-11-24,259.0,260.4,254.7,255.15,115315.0
2020-11-25,255.4,259.1,255.25,256.15,334053.0
2020-11-26,257.0,262.45,253.75,260.6,86384.0
2020-11-27,262.45,263.1,257.55,261.0,227866.0
2020-12-01,263.95,269.25,261.05,261.95,147913.0
2020-12-02,263.4,264.1,259.15,262.55,129115.0
2020-12-03,264.5,264.5,259.35,261.15,1095339.0
2020-12-04,262.4,262.95,250.05,252.65,466179.0
2020-12-07,255.15,256.0,250.75,253.25,410205.0
2020-12-08,253.55,259.5,253.25,256.95,567837.0
2020-12-09,259.0,259.25,251.05,252.9,293983.0
2020-12-10,250.0,251.0,245.4,248.35,587301.0
2020-12-11,250.0,250.3,243.75,246.1,610794.0
2020-12-14,247.0,248.85,245.0,246.3,233886.0
2020-12-15,246.55,248.05,243.1,247.55,210719.0
2020-12-16,249.75,249.75,245.1,247.25,478356.0
2020-12-17,247.5,251.45,246.25,246.75,396986.0
2020-12-18,246.7,252.15,246.3,251.0,467882.0
2020-12-21,252.45,252.45,225.9,235.25,484415.0
2020-12-22,235.25,239.1,227.5,237.8,318388.0
2020-12-23,235.45,238.65,231.65,237.35,678984.0
2020-12-24,254.0,261.0,245.0,246.6,1364007.0
2020-12-28,246.65,247.95,244.75,247.15,155701.0
2020-12-29,247.6,248.4,242.6,244.3,117602.0
2020-12-30,245.2,253.1,241.8,252.35,319155.0
2020-12-31,252.9,252.9,246.8,248.85,184399.0
2021-01-01,249.8,252.0,248.15,250.75,438262.0
2021-01-04,252.0,253.8,250.1,252.75,191793.0
2021-01-05,252.7,256.65,250.6,254.15,810893.0
2021-01-06,255.5,262.0,253.5,261.1,374283.0
2021-01-07,265.25,267.05,261.2,262.8,685237.0
2021-01-08,264.0,271.25,264.0,269.85,375123.0
2021-01-11,269.0,271.8,266.0,270.15,258824.0
2021-01-12,270.0,274.4,267.0,268.0,252482.0
2021-01-13,268.0,269.45,261.35,264.95,337139.0
2021-01-14,265.5,270.3,263.3,266.85,260508.0
2021-01-15,268.0,268.0,259.6,264.0,227981.0
2021-01-18,264.0,264.0,248.05,255.95,146419.0
2021-01-19,255.25,262.45,255.25,261.8,118871.0
2021-01-20,260.0,263.65,257.8,261.75,456115.0
2021-01-21,264.0,265.3,249.4,252.25,1722732.0
2021-01-22,254.6,259.85,250.95,257.65,349890.0
2021-01-25,261.0,264.4,255.0,256.6,262062.0
2021-01-27,260.0,260.25,251.25,252.8,838771.0
2021-01-28,248.15,250.55,246.0,247.95,271056.0
2021-01-29,250.0,251.15,242.0,243.35,455286.0
2021-02-01,248.95,262.0,242.35,261.15,399199.0
2021-02-02,263.1,279.55,262.35,276.3,917154.0
2021-02-03,276.9,278.5,267.85,268.75,367847.0
2021-02-04,268.75,275.0,266.35,272.6,415938.0
2021-02-05,272.75,275.5,268.6,271.25,332403.0
2021-02-08,272.9,278.2,272.05,274.55,330542.0
2021-02-09,276.15,279.45,269.8,270.5,375187.0
2021-02-10,270.7,277.8,270.5,271.7,723865.0
2021-02-11,274.0,277.75,271.8,277.0,236569.0
2021-02-12,276.05,284.95,274.3,277.4,686540.0
2021-02-15,282.35,285.9,279.0,283.4,450191.0
2021-02-16,286.0,287.1,280.3,283.75,226837.0
2021-02-17,286.4,290.35,284.45,286.75,395964.0
2021-02-18,290.0,290.7,280.8,282.85,417895.0
2021-02-19,288.4,288.4,273.2,275.25,703108.0
2021-02-22,277.0,277.0,265.35,266.65,219492.0
2021-02-23,269.0,270.75,263.35,264.7,191300.0
2021-02-24,269.0,275.0,261.1,268.95,582688.0
2021-02-25,271.5,281.7,271.3,279.6,654634.0
2021-02-26,277.8,288.4,271.65,273.65,1520294.0
2021-03-01,279.0,279.55,273.5,277.85,265972.0
2021-03-02,278.45,283.35,277.15,278.9,192283.0
2021-03-03,280.0,285.7,279.45,282.05,306289.0
2021-03-04,280.5,294.25,278.85,292.15,519556.0
2021-03-05,292.0,298.25,283.3,284.7,918969.0
2021-03-08,286.05,290.9,284.3,285.25,247794.0
2021-03-09,288.1,293.2,285.3,291.15,179029.0
2021-03-10,292.05,293.85,288.85,291.85,244904.0
2021-03-12,292.25,293.85,287.5,289.55,182692.0
2021-03-15,289.65,290.5,279.0,283.45,236277.0
2021-03-16,284.1,289.95,284.1,285.4,175962.0
2021-03-17,285.9,287.5,280.05,280.8,96365.0
2021-03-18,281.75,285.7,277.7,281.05,107559.0
2021-03-19,278.4,284.7,273.95,283.4,1089864.0
2021-03-22,284.4,298.15,280.2,296.2,468516.0
2021-03-23,297.0,306.25,293.5,304.35,755872.0
2021-03-24,303.6,307.35,300.75,303.75,328603.0
2021-03-25,308.0,308.0,293.1,294.15,337484.0
2021-03-26,299.0,301.35,293.65,295.0,353984.0
2021-03-30,295.5,303.5,295.5,300.3,271511.0
2021-03-31,300.0,310.8,299.2,308.75,330552.0
2021-04-01,312.25,313.85,303.55,309.8,192715.0
2021-04-05,312.0,314.8,301.8,305.95,209882.0
2021-04-06,306.4,309.45,303.4,305.45,95015.0
2021-04-07,305.45,311.3,305.05,308.6,94591.0
2021-04-08,310.0,327.0,309.6,321.45,174729.0
2021-04-09,325.1,329.9,314.4,316.2,522683.0
2021-04-12,314.0,314.0,299.6,305.0,509277.0
2021-04-13,301.5,308.8,298.5,302.2,166536.0
2021-04-15,305.15,306.45,293.05,295.2,164380.0
2021-04-16,297.95,305.5,296.5,300.95,132990.0
2021-04-19,296.0,312.15,292.3,304.45,310174.0
2021-04-20,327.0,327.0,292.25,295.8,542216.0
2021-04-22,293.55,297.05,285.3,295.4,432633.0
2021-04-23,294.2,298.75,292.4,295.2,403737.0
2021-04-26,295.65,304.5,295.5,303.5,338237.0
2021-04-27,304.8,307.4,302.05,306.4,165450.0
2021-04-28,309.0,311.15,304.45,308.85,255432.0
2021-04-29,311.65,314.9,307.45,314.0,309513.0
2021-04-30,314.85,319.85,306.85,309.0,673516.0
2021-05-03,305.0,312.9,301.05,311.9,221364.0
2021-05-04,314.0,315.0,306.05,306.8,276477.0
2021-05-05,311.0,312.1,307.35,311.2,258357.0
2021-05-06,314.0,316.15,310.2,314.5,99088.0
2021-05-07,313.5,317.65,311.0,312.3,212473.0
2021-05-10,314.9,315.1,310.05,311.85,480100.0
2021-05-11,307.0,316.9,306.0,314.9,176342.0
2021-05-12,311.5,314.85,308.0,309.0,131029.0
2021-05-14,309.5,310.95,300.2,307.0,123953.0
2021-05-17,309.0,311.75,304.7,310.3,98974.0
2021-05-18,313.0,316.9,310.15,315.45,341340.0
2021-05-19,316.95,324.75,314.65,317.6,341661.0
2021-05-20,321.9,321.95,314.5,320.05,209620.0
2021-05-21,321.5,324.3,320.4,321.2,189281.0
2021-05-24,322.0,328.25,319.6,326.25,113076.0
2021-05-25,325.5,327.15,321.3,322.45,303825.0
2021-05-26,322.45,324.9,319.35,322.9,133840.0
2021-05-27,322.95,335.3,319.4,331.15,281923.0
2021-05-28,331.15,331.3,324.25,325.45,163260.0
2021-05-31,326.0,328.4,322.8,326.65,239531.0
2021-06-01,328.2,328.95,323.15,324.2,609200.0
2021-06-02,325.15,332.4,323.4,330.95,212256.0
2021-06-03,333.4,336.0,331.6,333.45,130083.0
2021-06-04,333.45,337.2,331.25,332.0,91428.0
2021-06-07,336.4,342.6,333.1,339.05,142008.0
2021-06-08,341.5,341.75,336.3,340.25,106344.0
2021-06-09,342.35,342.35,332.4,334.7,75654.0
2021-06-10,335.1,344.0,335.0,341.7,158243.0
2021-06-11,341.9,343.2,336.05,337.7,78957.0
2021-06-14,339.4,340.65,332.4,340.25,122840.0
2021-06-15,342.4,344.3,338.0,341.5,68949.0
2021-06-16,340.0,344.0,337.75,338.85,119814.0
2021-06-17,337.75,348.6,336.3,346.35,263953.0
2021-06-18,346.35,347.5,335.35,341.2,172830.0
2021-06-21,338.0,345.85,334.95,344.45,82648.0
2021-06-22,348.0,351.15,343.15,346.5,79536.0
2021-06-23,348.85,348.85,343.5,345.1,69597.0
2021-06-24,347.55,347.85,342.55,346.6,63517.0
2021-06-25,347.5,349.35,345.1,348.0,73430.0
2021-06-28,348.05,350.75,343.75,344.45,83119.0
2021-06-29,343.75,345.85,342.0,344.5,95180.0
2021-06-30,343.95,346.35,339.35,340.6,176379.0
2021-07-01,339.25,342.6,338.65,340.4,33693.0
2021-07-02,342.9,342.9,337.2,339.15,47007.0
2021-07-05,339.05,345.25,339.05,340.25,62874.0
2021-07-06,340.25,360.0,340.25,351.75,557381.0
2021-07-07,355.4,358.4,351.0,357.3,120553.0
2021-07-08,358.0,361.8,355.9,360.85,134293.0
2021-07-09,361.0,364.5,357.5,363.65,137248.0
2021-07-12,363.65,376.1,363.65,371.75,631637.0
2021-07-13,375.0,375.0,367.25,368.9,93038.0
2021-07-14,371.45,375.65,368.2,373.05,166019.0
2021-07-15,375.0,388.65,373.6,385.65,310574.0
2021-07-16,388.8,388.8,382.0,383.05,178087.0
2021-07-19,382.0,388.35,380.5,385.9,435197.0
2021-07-20,392.0,407.9,388.0,404.55,831221.0
2021-07-22,405.9,407.5,398.4,399.65,220982.0
2021-07-23,405.0,409.5,401.0,402.25,295451.0
2021-07-26,405.0,409.25,391.25,408.0,379150.0
2021-07-27,410.0,413.9,401.55,408.8,265244.0
2021-07-28,410.0,411.7,403.0,409.35,93095.0
2021-07-29,412.0,412.85,405.2,408.9,122407.0
2021-07-30,410.0,415.0,406.1,411.05,130402.0
2021-08-02,411.05,419.5,410.75,418.3,86049.0
2021-08-03,420.0,422.95,414.5,421.95,154451.0
2021-08-04,424.0,427.2,418.1,419.0,140789.0
2021-08-05,415.15,421.35,414.9,418.85,86833.0
2021-08-06,421.0,421.0,402.4,403.85,191943.0
2021-08-09,410.75,410.75,403.1,405.45,96783.0
2021-08-10,408.0,408.0,395.35,400.55,115825.0
2021-08-11,400.55,404.95,391.9,398.25,103224.0
2021-08-12,398.65,408.0,395.9,400.0,185458.0
2021-08-13,402.9,404.6,396.25,402.55,179448.0
2021-08-16,401.4,404.3,395.5,396.25,76234.0
2021-08-17,396.65,402.75,392.25,401.2,106909.0
2021-08-18,402.6,410.95,401.1,409.25,191114.0
2021-08-20,409.4,413.55,390.1,391.55,510214.0
2021-08-23,396.9,397.0,381.5,390.45,154345.0
2021-08-24,394.0,396.0,386.65,395.35,768775.0
2021-08-25,396.0,399.35,393.6,396.7,90879.0
2021-08-26,401.0,401.0,391.15,397.75,120620.0
2021-08-27,400.0,411.5,397.5,409.75,181457.0
2021-08-30,410.0,420.4,410.0,417.9,358047.0
2021-08-31,417.9,422.2,413.45,421.4,818051.0
2021-09-01,423.0,423.7,418.95,421.4,103200.0
2021-09-02,423.5,431.85,421.9,428.2,143349.0
2021-09-03,432.0,437.95,425.6,436.95,123056.0
2021-09-06,440.1,442.0,436.9,438.15,79846.0
2021-09-07,440.2,442.35,434.05,441.45,72833.0
2021-09-08,442.95,442.95,433.55,436.0,86398.0
2021-09-09,429.9,440.05,429.9,438.65,70609.0
2021-09-13,438.9,439.7,434.45,436.1,99797.0
2021-09-14,436.0,436.8,427.7,431.9,110182.0
2021-09-15,430.15,438.0,430.15,436.9,92001.0
2021-09-16,439.8,439.8,428.0,430.3,515252.0
2021-09-17,432.0,432.0,418.5,420.0,537442.0
2021-09-20,417.0,419.2,408.0,410.8,776167.0
2021-09-21,405.35,414.1,402.3,413.35,461112.0
2021-09-22,420.0,422.45,413.25,419.5,107016.0
2021-09-23,423.0,423.0,415.0,419.7,973739.0
2021-09-24,423.2,423.2,409.05,410.75,101918.0
2021-09-27,411.05,419.95,407.5,418.1,144698.0
2021-09-28,419.0,424.5,411.2,413.9,509134.0
2021-09-29,410.05,410.2,401.15,406.45,191312.0
2021-09-30,409.0,409.0,398.5,400.75,474173.0
2021-10-01,399.0,404.55,396.1,402.1,394398.0
2021-10-04,405.7,409.9,402.65,406.65,357677.0
2021-10-05,404.8,407.7,402.9,403.95,463865.0
2021-10-06,406.85,406.85,393.5,395.3,370874.0
2021-10-07,400.0,404.6,397.2,402.85,198065.0
2021-10-08,407.5,407.5,401.55,403.05,114764.0
2021-10-11,402.05,406.8,400.25,402.9,905699.0
2021-10-12,403.0,405.0,398.65,403.45,112957.0
2021-10-13,405.35,407.9,402.9,404.0,150177.0
2021-10-14,404.15,414.6,404.15,408.8,180693.0
2021-10-18,416.0,417.25,409.45,410.6,301667.0
2021-10-19,410.7,412.5,387.4,389.5,1523470.0
2021-10-20,391.9,399.75,387.6,392.75,1018880.0
2021-10-21,393.0,395.2,378.35,379.8,251176.0
2021-10-22,383.0,383.0,372.0,375.95,167541.0
2021-10-25,378.0,378.0,365.95,376.1,89673.0
2021-10-26,378.9,381.25,373.15,380.2,153020.0
2021-10-27,376.0,387.05,373.7,381.7,417433.0
2021-10-28,386.2,392.4,380.9,390.15,149783.0
2021-10-29,393.9,406.65,382.2,404.65,734308.0
2021-11-01,407.0,412.7,402.05,409.5,275265.0
2021-11-02,412.0,414.5,405.15,407.25,51267.0
2021-11-03,406.75,414.4,404.4,412.6,156016.0
2021-11-08,413.0,430.3,413.0,429.4,241031.0
2021-11-09,432.0,435.25,426.35,431.2,82029.0
2021-11-10,426.2,433.25,425.2,428.25,69670.0
2021-11-11,426.4,426.7,417.0,421.25,56703.0
2021-11-12,423.0,427.0,419.65,422.75,91044.0
2021-11-15,425.95,425.95,418.35,420.45,83789.0
2021-11-16,421.0,423.95,407.8,409.4,70028.0
2021-11-17,409.0,411.0,405.05,409.25,47397.0
2021-11-18,408.2,411.75,396.75,400.75,109759.0
2021-11-22,403.5,403.5,385.1,388.95,75015.0
2021-11-23,389.7,396.55,383.35,395.8,84218.0
2021-11-24,394.25,398.3,391.0,393.35,86029.0
2021-11-25,395.75,395.75,389.25,390.65,40514.0
2021-11-26,387.0,387.0,370.75,372.4,204130.0
2021-11-29,365.0,375.3,359.9,369.05,180021.0
2021-11-30,367.3,377.9,367.0,374.35,50357.0
2021-12-01,385.95,385.95,368.1,371.15,83064.0
2021-12-02,374.5,378.5,368.1,377.75,42124.0
2021-12-03,377.75,387.3,376.0,376.7,162313.0
2021-12-06,376.7,378.65,368.25,370.05,113226.0
2021-12-07,376.9,377.0,371.0,372.75,54359.0
2021-12-08,379.0,380.45,375.2,376.95,84225.0
2021-12-09,378.0,380.85,375.15,377.6,79963.0
2021-12-10,378.0,381.2,376.65,377.6,80989.0
2021-12-13,380.0,381.9,378.65,379.8,44081.0
2021-12-14,380.95,380.95,374.0,378.05,107498.0
2021-12-15,379.3,381.55,375.4,378.8,43113.0
2021-12-16,378.35,381.0,374.6,375.3,45569.0
2021-12-17,375.0,376.85,367.05,368.4,63439.0
2021-12-20,362.0,363.05,345.0,350.45,1015528.0
2021-12-21,353.0,364.05,351.45,361.1,115820.0
2021-12-22,362.0,366.95,360.85,364.1,40424.0
2021-12-23,366.0,372.0,365.45,369.85,59451.0
2021-12-24,370.0,370.85,363.35,367.75,47930.0
2021-12-27,365.0,370.55,364.15,369.75,24016.0
2021-12-28,369.75,381.0,369.3,380.1,45659.0
2021-12-29,383.0,383.0,374.45,375.5,32684.0
2021-12-30,378.45,378.45,369.8,370.95,42469.0
2021-12-31,378.0,384.2,372.25,377.55,84671.0
2022-01-03,378.0,389.4,377.85,386.95,112524.0
2022-01-04,387.5,391.4,383.35,390.25,81582.0
2022-01-05,390.95,394.4,388.9,393.85,89311.0
2022-01-06,387.35,392.95,383.85,387.55,94435.0
2022-01-07,388.5,401.8,387.55,397.3,210788.0
2022-01-10,397.2,401.9,397.2,399.05,117419.0
2022-01-11,400.0,404.95,393.7,397.45,47132.0
2022-01-12,401.05,402.5,395.85,397.9,30883.0
2022-01-13,398.0,400.4,395.2,396.4,46890.0
2022-01-14,396.65,404.95,394.15,402.65,429088.0
2022-01-17,404.8,408.8,395.0,407.85,117135.0
2022-01-18,408.2,409.05,379.05,381.4,330456.0
2022-01-19,384.4,384.4,373.2,374.8,182141.0
2022-01-20,374.25,379.5,372.5,375.25,90347.0
2022-01-21,372.15,373.6,364.25,368.4,106439.0
2022-01-24,369.45,370.9,349.1,352.75,98553.0
2022-01-25,350.5,356.25,343.65,351.55,88933.0
2022-01-27,355.8,355.8,340.35,351.8,146659.0
2022-01-28,351.9,367.0,351.9,360.7,125854.0
2022-01-31,363.0,369.3,363.0,365.2,109559.0
2022-02-01,371.4,382.5,366.55,380.5,306320.0
2022-02-02,382.6,386.05,378.0,379.95,169674.0
2022-02-03,380.0,384.1,379.95,382.05,74921.0
2022-02-04,382.0,384.75,378.15,380.15,119489.0
2022-02-07,383.7,383.8,374.45,382.65,49082.0
2022-02-08,382.65,386.0,373.75,376.4,89185.0
2022-02-09,376.7,385.65,376.7,382.8,76937.0
2022-02-10,382.5,384.35,373.5,374.9,100073.0
2022-02-11,375.0,375.0,366.8,367.85,109672.0
2022-02-14,364.45,364.45,353.95,355.2,72647.0
2022-02-15,355.2,365.0,353.7,363.5,87365.0
2022-02-16,365.0,367.7,359.5,360.95,49926.0
2022-02-17,365.0,365.0,357.6,359.4,85317.0
2022-02-18,348.5,355.0,337.2,338.3,380785.0
2022-02-21,333.95,341.3,331.3,339.0,138820.0
2022-02-22,331.05,338.35,331.05,337.4,205473.0
2022-02-23,337.4,340.5,330.0,331.1,159258.0
2022-02-24,314.0,322.35,302.0,306.85,481305.0
2022-02-25,308.15,315.9,306.3,308.85,962132.0
2022-02-28,307.2,315.8,303.25,314.35,628325.0
2022-03-02,314.0,314.8,301.1,304.15,337098.0
2022-03-03,310.75,310.75,287.85,290.1,384514.0
2022-03-04,285.0,296.4,283.95,292.5,275258.0
2022-03-07,291.0,291.0,278.05,281.45,320136.0
2022-03-08,279.9,284.0,274.0,283.0,304080.0
2022-03-09,285.25,292.6,280.8,291.8,327101.0
2022-03-10,297.0,302.0,291.05,293.1,336210.0
2022-03-11,292.8,295.9,290.25,293.5,111047.0
2022-03-14,294.0,296.4,289.1,291.15,133022.0
2022-03-15,294.5,301.5,292.85,295.0,139516.0
2022-03-16,301.0,310.8,297.1,309.25,133441.0
2022-03-17,315.0,315.05,305.55,306.6,244374.0
2022-03-21,307.95,308.8,300.0,300.45,362105.0
2022-03-22,301.95,303.0,296.1,301.05,207387.0
2022-03-23,301.15,303.25,295.7,297.8,252982.0
2022-03-24,299.2,299.7,295.1,297.2,177337.0
2022-03-25,300.0,300.0,294.7,298.05,267536.0
2022-03-28,298.5,299.3,288.6,291.85,406838.0
2022-03-29,294.55,303.05,293.5,302.5,388082.0
2022-03-30,302.0,304.75,297.55,302.85,269576.0
2022-03-31,303.0,303.65,298.7,299.2,107260.0
2022-04-01,301.0,306.5,298.55,305.15,88238.0
2022-04-04,306.45,313.5,303.0,311.4,388912.0
2022-04-05,313.0,317.7,310.35,316.75,134216.0
2022-04-06,316.8,325.0,315.9,320.55,174497.0
2022-04-07,319.0,327.35,319.0,325.5,126740.0
2022-04-08,328.45,339.75,323.35,337.35,249949.0
2022-04-11,338.9,369.65,338.5,360.3,1529449.0
2022-04-12,362.2,371.5,355.55,359.9,1030952.0
2022-04-13,358.1,374.0,358.1,369.4,906243.0
2022-04-18,366.1,379.6,360.45,363.15,744048.0
2022-04-19,368.0,370.0,349.15,352.7,343546.0
2022-04-20,353.0,375.5,353.0,372.25,494984.0
2022-04-21,379.8,384.2,374.85,376.9,666653.0
2022-04-22,376.1,381.05,371.5,374.3,211062.0
2022-04-25,373.0,387.45,370.05,376.6,692134.0
2022-04-26,383.6,390.9,381.3,385.15,459296.0
2022-04-27,386.0,387.55,376.3,384.75,304879.0
2022-04-28,389.2,389.3,380.6,383.55,260115.0
2022-04-29,384.15,385.6,370.55,371.85,348944.0
2022-05-02,371.85,380.4,369.0,378.25,290142.0
2022-05-04,378.25,382.65,364.65,367.9,1128354.0
2022-05-05,369.1,375.2,365.4,366.4,134138.0
2022-05-06,357.05,372.35,357.05,365.2,352133.0
2022-05-09,365.0,368.65,359.65,366.35,112480.0
2022-05-10,368.45,373.8,355.5,358.25,140716.0
2022-05-11,360.0,365.6,351.15,359.05,234883.0
2022-05-12,359.9,381.9,349.35,372.95,307972.0
2022-05-13,378.5,378.5,356.25,358.8,297561.0
2022-05-16,370.0,377.5,360.0,368.1,1046968.0
2022-05-17,368.7,372.0,364.0,368.65,368248.0
2022-05-18,373.85,373.85,359.9,360.95,223133.0
2022-05-19,356.05,365.15,356.05,364.2,224726.0
2022-05-20,369.2,369.2,362.0,362.85,216508.0
2022-05-23,366.9,367.05,362.3,363.25,192445.0
2022-05-24,364.05,365.6,360.5,361.35,138561.0
2022-05-25,365.2,365.2,360.35,361.5,115324.0
2022-05-26,362.0,366.4,359.7,365.15,96323.0
2022-05-27,365.25,367.25,363.85,366.5,72697.0
2022-05-30,367.25,372.35,366.8,371.35,188379.0
2022-05-31,374.4,374.4,368.0,369.5,78304.0
2022-06-01,368.0,373.0,368.0,371.7,89740.0
2022-06-02,371.7,376.2,370.9,373.35,229169.0
2022-06-03,373.0,375.9,365.6,366.85,116800.0
2022-06-06,367.3,369.35,363.85,364.95,57288.0
2022-06-07,362.25,367.3,361.8,363.3,113479.0
2022-06-08,364.8,364.8,361.8,362.95,38442.0
2022-06-09,362.0,368.35,362.0,365.35,33326.0
2022-06-10,362.25,366.65,362.25,365.1,66166.0
2022-06-13,364.0,364.65,362.0,363.1,51466.0
2022-06-14,361.2,363.1,358.15,359.55,168187.0
2022-06-15,357.65,362.5,357.65,361.9,92384.0
2022-06-16,362.5,363.0,358.75,359.3,275554.0
2022-06-17,359.3,361.1,356.8,357.55,83280.0
2022-06-20,356.4,359.9,356.1,357.25,92230.0
2022-06-21,356.1,360.95,356.1,359.2,29746.0
2022-06-22,360.0,360.0,355.75,357.95,44384.0
2022-06-23,356.0,361.85,356.0,359.0,58582.0
2022-06-24,361.7,361.7,359.3,360.7,50566.0
2022-06-27,360.7,365.7,360.55,365.1,58710.0
2022-06-28,366.7,367.35,363.45,366.4,34726.0
2022-06-29,366.0,367.3,364.25,365.6,44383.0
2022-06-30,367.0,367.0,361.95,362.95,47228.0
2022-07-01,365.0,368.7,362.05,367.5,83432.0
2022-07-04,368.0,369.85,366.3,368.6,57602.0
2022-07-05,366.0,371.1,365.5,366.7,97897.0
2022-07-06,366.7,370.35,366.7,368.1,73937.0
2022-07-07,371.5,371.5,366.05,367.05,15598.0
2022-07-08,368.0,369.15,366.0,368.5,41280.0
2022-07-11,368.5,370.0,366.95,369.25,70146.0
2022-07-12,369.95,372.8,367.75,370.65,99779.0
2022-07-13,371.2,374.05,370.3,371.5,38057.0
2022-07-14,371.5,372.8,368.35,369.8,61941.0
2022-07-15,368.45,371.25,368.25,369.1,43696.0
2022-07-18,373.75,373.75,369.6,370.7,723503.0
2022-07-19,366.0,371.45,366.0,370.95,44562.0
2022-07-20,370.5,371.3,366.5,367.9,127975.0
2022-07-21,367.0,371.45,366.25,370.55,95224.0
2022-07-22,370.9,373.2,369.1,372.5,32008.0
2022-07-25,373.6,373.6,370.45,371.4,32996.0
2022-07-26,368.0,371.4,368.0,369.85,16074.0
2022-07-27,370.0,372.2,368.7,370.75,22875.0
2022-07-28,371.5,372.3,369.75,370.95,33083.0
2022-07-29,372.0,376.05,369.8,374.5,271319.0
2022-08-01,377.0,377.95,374.25,375.3,780816.0
2022-08-02,376.8,382.6,375.05,378.75,289111.0
2022-08-03,379.0,382.2,376.3,381.65,137698.0
2022-08-04,382.95,383.7,378.0,381.15,97123.0
2022-08-05,381.15,383.2,380.2,382.5,53657.0
2022-08-08,381.9,382.9,378.75,380.4,54185.0
2022-08-10,380.0,381.5,378.35,380.2,38086.0
2022-08-11,380.45,381.9,378.5,380.3,68347.0
2022-08-12,382.0,387.9,378.8,384.3,230529.0
2022-08-16,389.0,398.85,385.5,396.2,413262.0
2022-08-17,399.85,405.0,396.4,398.35,365404.0
2022-08-18,400.0,414.45,396.3,409.6,506795.0
2022-08-19,412.9,426.95,410.4,420.1,818720.0
2022-08-22,419.5,420.1,404.7,407.6,324969.0
2022-08-23,400.8,414.15,398.85,405.3,343766.0
2022-08-24,405.3,407.65,398.2,403.9,266654.0
2022-08-25,404.0,408.05,396.1,397.1,292262.0
2022-08-26,400.0,406.7,392.35,402.7,335069.0
2022-08-29,395.0,405.6,394.5,403.65,172977.0
2022-08-30,408.0,412.75,404.45,411.25,250494.0
2022-09-01,408.0,413.75,407.9,410.0,159116.0
2022-09-02,410.3,418.3,405.55,415.55,216935.0
2022-09-05,416.3,419.2,414.15,418.0,192532.0
2022-09-06,417.0,441.2,417.0,437.2,800409.0
2022-09-07,437.2,457.5,435.95,448.85,1419080.0
2022-09-08,454.0,464.0,446.35,461.75,462147.0
2022-09-09,464.15,484.7,451.9,453.9,1292526.0
2022-09-12,453.5,479.45,440.7,475.55,1109389.0
2022-09-13,482.45,488.5,476.35,486.4,652683.0
2022-09-14,480.0,533.6,480.0,524.6,2082485.0
2022-09-15,529.8,544.5,509.35,538.9,1771304.0
2022-09-16,533.4,550.15,511.05,516.3,1967307.0
2022-09-19,519.0,572.25,514.55,564.95,2920876.0
2022-09-20,578.0,585.45,567.5,574.1,2024144.0
2022-09-21,573.9,575.8,532.95,541.5,1803320.0
2022-09-22,522.0,548.85,517.0,533.55,1073421.0
2022-09-23,533.05,554.9,533.05,539.35,567072.0
2022-09-26,536.05,545.0,499.05,511.8,611951.0
2022-09-27,506.7,523.75,474.1,504.75,920547.0
2022-09-28,494.8,514.0,491.15,500.2,529389.0
2022-09-29,508.5,518.6,495.2,506.55,463049.0
2022-09-30,505.65,523.0,501.15,515.45,524184.0
2022-10-03,515.0,519.9,471.6,488.55,667007.0
2022-10-04,502.0,506.55,482.95,491.95,388681.0
2022-10-06,496.0,513.8,496.0,506.0,302181.0
2022-10-07,509.65,526.8,500.05,522.4,194136.0
2022-10-10,517.0,536.0,515.3,522.5,556103.0
2022-10-11,525.7,526.25,498.5,500.25,1005499.0
2022-10-12,501.6,507.6,484.25,505.35,431599.0
2022-10-13,501.85,505.4,491.4,497.5,126112.0
2022-10-14,506.55,512.3,497.75,501.75,399015.0
2022-10-17,496.05,522.75,496.05,520.8,1050773.0
2022-10-18,523.05,524.7,505.6,507.5,376826.0
2022-10-19,512.85,519.1,506.75,510.55,220448.0
2022-10-20,509.5,519.0,506.8,517.55,149055.0
2022-10-21,517.05,522.8,504.0,512.25,388246.0
2022-10-25,514.85,521.7,511.7,513.0,747324.0
2022-10-27,514.5,532.5,513.8,527.7,253742.0
2022-10-28,529.1,530.25,515.8,519.95,318019.0
2022-10-31,521.4,538.5,521.25,533.1,318853.0
2022-11-01,533.1,545.5,533.1,543.9,635730.0
2022-11-02,545.25,549.1,539.6,545.25,324802.0
2022-11-03,539.25,547.45,538.25,539.1,211571.0
2022-11-04,539.25,560.45,538.9,558.5,269006.0
2022-11-07,558.6,572.95,553.8,567.65,380818.0
2022-11-09,568.1,580.35,561.05,564.3,228444.0
2022-11-10,561.55,568.0,551.5,558.15,222367.0
2022-11-11,563.6,565.95,553.85,557.45,246716.0
2022-11-14,558.0,586.45,557.55,580.0,326361.0
2022-11-15,583.0,593.0,575.3,586.7,572430.0
2022-11-16,587.0,593.75,568.0,577.15,480810.0
2022-11-17,577.5,581.35,570.5,574.5,179489.0
2022-11-18,573.6,576.0,563.75,573.7,257846.0
2022-11-21,572.0,573.15,562.65,564.05,111214.0
2022-11-22,562.1,578.35,560.4,565.85,240283.0
2022-11-23,566.4,570.95,560.15,562.2,131759.0
2022-11-24,563.25,567.15,554.6,557.1,192331.0
2022-11-25,559.55,567.6,557.1,564.85,117173.0
2022-11-28,564.0,572.45,563.2,568.8,162793.0
2022-11-29,569.3,574.25,563.35,564.65,168866.0
2022-11-30,564.75,574.0,561.0,571.35,100117.0
2022-12-01,572.2,585.0,569.6,581.05,350251.0
2022-12-02,581.15,583.5,573.3,577.6,220834.0
2022-12-05,579.95,582.4,571.2,572.95,123193.0
2022-12-06,573.2,585.35,570.55,581.35,315135.0
2022-12-07,581.45,587.9,575.1,581.85,232897.0
2022-12-08,585.0,590.5,581.8,587.6,138789.0
2022-12-09,593.5,598.15,572.5,580.95,316301.0
2022-12-12,580.6,587.25,573.5,584.85,87534.0
2022-12-13,585.05,589.0,583.1,584.25,55064.0
2022-12-14,585.4,589.3,581.45,582.15,46841.0
2022-12-15,580.55,583.55,558.95,561.05,133019.0
2022-12-16,558.0,568.05,554.05,556.35,137148.0
2022-12-19,555.05,566.15,555.0,564.35,170790.0
2022-12-20,562.15,564.9,554.3,560.25,136439.0
2022-12-21,560.45,564.0,532.4,538.5,304028.0
2022-12-22,540.45,544.9,525.15,532.95,187325.0
2022-12-23,527.2,531.5,486.0,491.25,499374.0
2022-12-26,491.3,522.5,490.0,514.45,262697.0
2022-12-27,519.95,527.6,509.6,523.6,221926.0
2022-12-28,526.95,527.35,516.6,518.55,181904.0
2022-12-29,515.75,526.0,504.95,522.75,191320.0
2022-12-30,524.3,531.9,522.3,524.1,175392.0
2023-01-02,525.7,530.8,523.1,526.45,133848.0
2023-01-03,526.45,533.25,523.25,531.65,87347.0
2023-01-04,533.05,536.7,517.2,518.8,261901.0
2023-01-05,519.5,526.1,513.75,525.05,99840.0
2023-01-06,526.0,528.0,514.5,519.8,157022.0
2023-01-09,524.35,527.45,520.5,524.65,102845.0
2023-01-10,525.1,526.2,502.85,514.7,172412.0
2023-01-11,515.1,515.8,505.85,508.1,156417.0
2023-01-12,509.05,514.25,507.0,510.4,133074.0
2023-01-13,510.6,520.2,510.6,518.7,166398.0
2023-01-16,521.85,521.85,512.9,516.5,109694.0
2023-01-17,516.05,520.3,511.5,517.2,82978.0
2023-01-18,516.65,522.0,513.0,519.9,82300.0
2023-01-19,518.5,525.4,517.3,519.0,82121.0
2023-01-20,519.05,522.7,515.3,517.2,55838.0
2023-01-23,517.4,518.45,498.55,500.9,126483.0
2023-01-24,501.2,508.55,497.55,498.55,100346.0
2023-01-25,498.4,498.4,450.75,460.1,1031419.0
2023-01-27,457.95,457.95,345.1,381.15,2689531.0
2023-01-30,388.05,426.3,351.7,387.45,4906548.0
2023-01-31,393.0,414.6,390.2,401.0,1651713.0
2023-02-01,410.0,412.65,320.8,334.6,4496439.0
2023-02-02,334.6,367.0,315.3,352.45,5692728.0
2023-02-03,352.0,380.4,318.9,373.7,2282600.0
2023-02-06,373.6,383.7,358.3,379.45,1770676.0
2023-02-07,385.0,406.85,371.65,383.7,1708246.0
2023-02-08,394.3,397.55,382.0,384.35,876528.0
2023-02-09,381.95,381.95,354.0,358.0,1160729.0
2023-02-10,356.0,368.15,350.0,361.05,823611.0
2023-02-13,361.65,366.9,336.7,342.4,1634101.0
2023-02-14,343.95,349.0,325.1,336.65,1707228.0
2023-02-15,337.15,350.8,335.05,344.6,1048495.0
2023-02-16,352.0,354.25,346.25,348.0,846712.0
2023-02-17,346.8,355.9,343.1,353.3,1186467.0
2023-02-20,349.0,356.0,345.65,353.3,1022381.0
2023-02-21,353.0,366.6,351.65,352.9,1417489.0
2023-02-22,350.05,351.3,332.1,335.55,933930.0
2023-02-23,335.1,343.65,331.1,337.0,680409.0
2023-02-24,338.15,346.8,338.15,345.25,770772.0
2023-02-27,341.15,344.45,326.05,329.7,708287.0
2023-02-28,329.5,353.35,324.3,342.05,1146096.0
2023-03-01,343.4,354.75,343.4,353.4,785471.0
2023-03-02,354.4,372.1,347.25,370.85,1082223.0
2023-03-03,379.55,399.25,375.75,392.0,2829990.0
2023-03-06,396.0,404.95,381.3,385.55,2447811.0
2023-03-08,383.8,393.5,378.6,392.05,1071835.0
2023-03-09,393.0,394.8,383.15,384.75,571283.0
2023-03-10,380.0,382.7,373.35,378.35,659427.0
2023-03-13,382.55,389.0,366.65,367.85,968635.0
2023-03-14,365.5,367.8,340.95,353.35,830916.0
2023-03-15,354.0,366.8,347.75,364.95,907796.0
2023-03-16,366.0,384.4,360.3,378.6,604546.0
2023-03-17,381.25,386.35,371.05,378.25,483263.0
2023-03-20,374.25,376.4,360.35,365.5,387926.0
2023-03-21,368.6,374.65,366.55,370.9,407129.0
2023-03-22,372.05,378.2,371.5,375.7,445042.0
2023-03-23,373.0,377.35,370.8,372.0,451587.0
2023-03-24,372.4,376.35,369.0,371.95,358147.0
2023-03-27,371.35,374.7,367.4,369.75,466383.0
2023-03-28,370.55,373.45,354.2,359.0,540319.0
2023-03-29,359.0,366.95,358.2,364.45,502606.0
2023-03-31,366.15,370.6,364.0,365.45,382296.0
2023-04-03,367.7,376.5,363.8,374.85,191503.0
2023-04-05,373.1,380.65,371.45,379.95,410715.0
2023-04-06,376.4,386.4,376.4,383.45,290682.0
2023-04-10,384.0,389.65,383.25,384.1,125040.0
2023-04-11,385.0,388.55,381.0,384.25,151996.0
2023-04-12,384.65,397.65,382.8,396.1,266621.0
2023-04-13,394.55,396.5,390.05,392.45,266646.0
2023-04-17,389.25,394.95,387.0,391.4,155453.0
2023-04-18,390.8,394.0,380.15,382.8,104800.0
2023-04-19,383.55,388.0,377.7,379.8,99966.0
2023-04-20,378.55,382.15,378.4,380.75,139083.0
2023-04-21,379.7,382.5,373.3,374.5,184561.0
2023-04-24,374.45,383.0,373.4,381.7,116195.0
2023-04-25,382.0,387.5,380.55,382.6,220433.0
2023-04-26,381.05,389.85,380.2,386.7,189191.0
2023-04-27,385.25,390.35,382.7,388.85,270313.0
2023-04-28,388.5,399.35,384.15,396.3,752042.0
2023-05-02,396.35,399.2,389.1,394.4,387925.0
2023-05-03,394.0,400.35,376.0,383.5,436553.0
2023-05-04,382.2,390.75,381.25,388.45,209172.0
2023-05-05,388.05,406.0,387.05,400.5,918088.0
2023-05-08,404.0,408.8,401.0,405.55,203393.0
2023-05-09,406.6,412.3,403.25,405.55,423787.0
2023-05-10,407.0,409.2,402.55,408.1,102748.0
2023-05-11,409.05,415.0,406.25,412.1,179565.0
2023-05-12,410.1,414.85,407.5,410.0,150594.0
2023-05-15,409.1,410.8,403.0,406.75,243622.0
2023-05-16,405.1,409.55,399.25,400.45,283291.0
2023-05-17,399.0,407.15,399.0,405.9,117387.0
2023-05-18,407.05,408.7,396.0,398.6,88430.0
2023-05-19,399.8,406.0,395.95,403.4,136994.0
2023-05-22,405.0,433.55,405.0,423.6,1323219.0
2023-05-23,430.0,440.9,424.45,427.4,717697.0
2023-05-24,427.4,430.0,419.6,422.05,452653.0
2023-05-25,421.4,424.75,415.9,419.15,121399.0
2023-05-26,421.0,425.5,417.35,424.7,127049.0
2023-05-29,425.1,430.75,422.75,426.85,244864.0
2023-05-30,426.8,432.95,425.5,430.95,132014.0
2023-05-31,428.45,430.8,420.55,423.55,298732.0
2023-06-01,424.8,431.35,424.7,429.2,77645.0
2023-06-02,430.55,440.0,430.55,437.75,153318.0
2023-06-05,438.65,441.5,436.9,439.0,91424.0
2023-06-06,440.6,460.9,440.55,458.95,421202.0
2023-06-07,459.6,461.3,452.7,455.35,133048.0
2023-06-08,453.05,460.0,445.8,451.35,132610.0
2023-06-09,451.85,458.1,451.35,455.65,95789.0
2023-06-12,455.65,458.25,453.7,456.25,89454.0
2023-06-13,458.2,463.8,455.5,459.0,112400.0
2023-06-14,460.0,465.5,459.35,464.35,213212.0
2023-06-15,465.5,468.9,456.95,458.5,94193.0
2023-06-16,460.05,465.5,457.0,461.0,197057.0
2023-06-19,460.15,464.65,449.45,452.55,229872.0
2023-06-20,451.4,455.0,446.6,448.7,60554.0
2023-06-21,448.7,452.1,444.6,447.85,69867.0
2023-06-22,448.05,452.8,441.7,444.85,56449.0
2023-06-23,443.95,444.8,424.2,426.2,406043.0
2023-06-26,423.05,433.5,419.15,431.65,182016.0
2023-06-27,433.4,440.7,433.15,433.85,74743.0
2023-06-28,432.05,441.9,432.0,434.15,159295.0
2023-06-30,434.6,440.8,425.1,425.85,279753.0
2023-07-03,428.0,437.0,428.0,435.8,82721.0
2023-07-04,435.1,438.15,430.85,432.6,234799.0
2023-07-05,431.35,434.2,426.9,432.45,47152.0
2023-07-06,431.05,435.55,429.25,431.55,147929.0
2023-07-07,430.0,430.7,416.5,417.85,240533.0
2023-07-10,418.1,424.65,412.25,419.75,154016.0
2023-07-11,420.05,422.15,418.65,419.6,104091.0
2023-07-12,419.5,422.8,415.1,421.5,80933.0
2023-07-13,420.15,422.65,414.4,416.8,68909.0
2023-07-14,416.2,419.0,413.95,416.4,77506.0
2023-07-17,416.15,422.8,415.15,416.4,95942.0
2023-07-18,416.2,424.85,414.3,416.2,126589.0
2023-07-19,417.35,421.0,416.15,419.3,173047.0
2023-07-20,419.35,423.5,418.5,420.7,168865.0
2023-07-21,418.4,419.55,415.5,416.15,58520.0
2023-07-24,415.05,428.5,415.05,422.55,326284.0
2023-07-25,422.55,441.8,422.55,440.25,303049.0
2023-07-26,442.0,448.05,436.7,443.5,303522.0
2023-07-27,444.0,454.75,438.5,449.9,287850.0
2023-07-28,454.15,456.5,448.0,454.65,303752.0
2023-07-31,454.05,468.6,454.05,462.75,186688.0
2023-08-01,463.3,468.0,452.65,461.6,125907.0
2023-08-02,460.65,469.0,449.7,460.95,451281.0
2023-08-03,464.25,480.9,458.6,474.2,787931.0
2023-08-04,474.25,477.35,470.4,471.6,115736.0
2023-08-07,472.25,476.0,468.85,474.0,80191.0
2023-08-08,473.05,476.0,456.55,466.0,163483.0
2023-08-09,464.25,466.65,460.7,462.9,60893.0
2023-08-10,462.05,465.85,454.85,456.85,199093.0
2023-08-11,456.85,463.4,454.05,456.5,83491.0
2023-08-14,449.1,452.0,437.9,440.55,282208.0
2023-08-16,438.05,440.0,432.2,437.35,84423.0
2023-08-17,437.0,446.8,433.9,445.7,159490.0
2023-08-18,445.05,460.95,439.7,453.35,204391.0
2023-08-21,453.05,468.8,453.05,465.3,355419.0
2023-08-22,469.35,472.35,462.4,463.65,226123.0
2023-08-23,463.55,466.85,450.4,452.9,69273.0
2023-08-24,453.05,462.0,447.0,449.0,95277.0
2023-08-25,448.95,448.95,431.1,434.8,274377.0
2023-08-28,436.25,441.7,432.3,438.6,195450.0
2023-08-29,438.65,447.4,436.25,440.95,87480.0
2023-08-30,442.05,445.45,440.4,444.2,62637.0
2023-08-31,442.95,442.95,425.25,428.5,465475.0
2023-09-01,426.05,437.0,424.2,433.7,289019.0
2023-09-04,433.9,443.8,433.9,441.05,98045.0
2023-09-05,440.15,444.1,437.3,440.0,84165.0
2023-09-06,440.05,441.9,433.6,437.7,72476.0
2023-09-07,437.7,440.5,435.35,439.45,48801.0
2023-09-08,439.5,441.05,437.0,439.1,113927.0
2023-09-11,439.1,453.35,439.05,450.8,141937.0
2023-09-12,452.05,453.7,436.45,445.1,106434.0
2023-09-13,445.15,450.0,440.55,443.7,150506.0
2023-09-14,446.75,446.75,441.85,445.05,59282.0
2023-09-15,446.55,447.95,442.85,445.0,66595.0
2023-09-18,443.25,445.5,433.25,436.4,68646.0
2023-09-20,436.05,438.3,425.15,428.2,71026.0
2023-09-21,427.0,430.65,423.2,425.95,179754.0
2023-09-22,425.4,428.5,418.25,420.35,84318.0
2023-09-25,420.95,425.65,414.9,422.6,94261.0
2023-09-26,423.15,433.8,422.55,429.65,117821.0
2023-09-27,427.4,431.35,426.0,430.5,41243.0
2023-09-28,430.5,431.45,418.5,420.1,96569.0
2023-09-29,422.4,428.65,420.55,425.0,87484.0
2023-10-03,424.8,434.2,422.7,432.35,149141.0
2023-10-04,430.0,434.2,424.45,429.7,125181.0
2023-10-05,430.75,434.7,428.8,432.8,71722.0
2023-10-06,433.1,436.85,431.9,435.3,37174.0
2023-10-09,430.0,437.35,427.3,430.05,56311.0
2023-10-10,428.45,438.8,428.45,437.05,59294.0
2023-10-11,438.2,447.0,438.15,445.5,80948.0
2023-10-12,447.05,450.4,443.9,445.55,123507.0
2023-10-13,443.05,446.0,438.75,439.95,42045.0
2023-10-16,438.45,444.9,438.45,443.15,105784.0
2023-10-17,442.8,444.35,440.05,442.15,38178.0
2023-10-18,441.2,444.15,431.5,433.05,35889.0
2023-10-19,433.5,440.0,430.0,437.3,80559.0
2023-10-20,437.3,439.3,428.4,430.85,39520.0
2023-10-23,430.9,432.55,411.25,415.75,135899.0
2023-10-25,418.75,422.7,414.0,417.7,50400.0
2023-10-26,415.0,422.0,408.0,415.7,47088.0
2023-10-27,416.4,423.95,415.5,417.5,45753.0
2023-10-30,420.0,423.8,416.45,421.85,55409.0
2023-10-31,424.0,427.0,421.0,424.5,39594.0
2023-11-01,425.05,425.6,404.0,406.75,237965.0
2023-11-02,410.0,423.15,410.0,419.3,205833.0
2023-11-03,421.55,423.0,417.3,420.85,50722.0
2023-11-06,422.0,425.0,420.05,421.25,34068.0
2023-11-07,421.4,423.0,418.1,419.3,54946.0
2023-11-08,419.35,426.0,419.25,420.95,68434.0
2023-11-09,424.95,424.95,416.1,418.35,39214.0
2023-11-10,418.3,419.9,415.7,417.95,48415.0
2023-11-13,421.5,422.2,418.35,419.35,43388.0
2023-11-15,420.1,423.45,417.7,418.1,77842.0
2023-11-16,419.1,420.25,417.05,419.75,50274.0
2023-11-17,421.1,427.8,418.9,420.9,92228.0
2023-11-20,420.9,424.1,418.25,421.5,707595.0
2023-11-21,421.55,424.2,419.0,420.05,73550.0
2023-11-22,419.15,420.85,413.15,414.3,38283.0
2023-11-23,414.4,416.75,408.6,415.5,93005.0
2023-11-24,414.85,415.55,411.35,413.75,90573.0
2023-11-28,415.65,435.4,415.65,431.2,255414.0
2023-11-29,434.05,437.1,428.15,435.55,354642.0
2023-11-30,437.55,442.95,430.8,438.8,135172.0
2023-12-01,443.8,443.8,438.05,442.1,79760.0
2023-12-04,457.15,475.8,453.1,474.45,1259661.0
2023-12-05,475.0,513.4,474.6,508.7,932400.0
2023-12-06,515.85,523.7,499.45,501.15,529930.0
2023-12-07,505.95,508.45,496.25,505.1,332573.0
2023-12-08,505.5,509.85,482.35,494.35,369578.0
2023-12-11,497.4,506.7,489.35,504.2,229758.0
2023-12-12,505.05,510.2,497.5,501.3,206019.0
2023-12-13,503.2,513.35,502.4,509.0,116481.0
2023-12-14,514.0,523.35,511.75,520.35,163569.0
2023-12-15,523.1,529.6,514.65,522.35,316907.0
2023-12-18,529.6,532.55,524.3,525.45,168807.0
2023-12-19,529.85,529.9,516.75,522.3,74154.0
2023-12-20,523.25,526.0,486.45,490.55,216525.0
2023-12-21,477.3,505.95,477.3,503.8,584091.0
2023-12-22,505.65,509.45,498.2,503.8,85760.0
2023-12-26,503.8,508.5,502.95,505.15,114257.0
2023-12-27,520.05,523.0,513.25,516.4,218846.0
2023-12-28,517.35,519.75,512.2,514.25,69935.0
2023-12-29,511.55,522.3,511.3,520.95,179989.0
2024-01-01,520.55,539.55,519.95,534.7,391506.0
2024-01-02,536.05,537.0,518.2,530.6,280599.0
2024-01-03,538.2,549.0,527.6,536.4,471931.0
2024-01-04,536.65,554.25,536.65,549.35,464411.0
2024-01-05,550.0,557.75,538.4,542.25,172194.0
2024-01-08,543.7,544.2,526.7,530.2,217570.0
2024-01-09,535.25,538.85,523.45,525.25,142298.0
2024-01-10,526.15,528.35,518.3,526.05,111564.0
2024-01-11,529.45,541.2,525.5,538.15,123872.0
2024-01-12,540.4,544.8,531.45,532.4,84821.0
2024-01-15,533.25,536.45,526.7,531.55,233251.0
2024-01-16,531.7,534.9,524.65,528.8,87314.0
2024-01-17,525.15,539.3,518.05,520.5,216483.0
2024-01-18,520.8,526.9,509.55,523.95,77791.0
2024-01-19,527.55,538.0,525.4,537.15,83485.0
2024-01-23,546.85,546.85,517.45,525.45,109083.0
2024-01-24,525.0,530.35,515.0,527.6,154607.0
2024-01-25,529.25,565.8,527.45,560.5,1383745.0
2024-01-29,570.15,578.5,562.4,573.75,591660.0
2024-01-30,576.65,583.75,568.0,570.5,223060.0
2024-01-31,572.15,586.0,547.45,560.35,412289.0
2024-02-01,568.75,569.8,554.25,565.1,328061.0
2024-02-02,571.4,572.45,554.95,557.3,223662.0
2024-02-05,557.5,563.0,551.0,553.85,256270.0
2024-02-06,555.3,567.55,550.0,566.5,107559.0
2024-02-07,570.0,575.3,564.3,567.65,66087.0
2024-02-08,567.7,571.0,560.0,563.0,56438.0
2024-02-09,563.95,582.2,552.55,576.6,160519.0
2024-02-12,582.0,587.0,561.0,564.15,296376.0
2024-02-13,562.7,570.0,552.35,568.35,107815.0
2024-02-14,560.85,573.1,559.7,570.85,101565.0
2024-02-15,573.65,574.8,568.75,571.8,46967.0
2024-02-16,572.5,590.45,572.5,585.25,197780.0
2024-02-19,586.65,593.8,581.7,584.8,204358.0
2024-02-20,585.0,590.0,579.7,588.8,70585.0
2024-02-21,589.4,596.5,583.1,587.75,223507.0
2024-02-22,590.65,595.0,583.0,592.5,57351.0
2024-02-23,592.95,608.6,587.9,602.85,136700.0
2024-02-26,606.0,615.2,603.0,608.85,121232.0
2024-02-27,608.7,612.5,599.3,603.15,122072.0
2024-02-28,603.2,605.9,585.25,589.55,103634.0
2024-02-29,589.0,609.0,583.5,606.55,172964.0
2024-03-01,609.85,620.25,607.0,617.6,210504.0
2024-03-04,619.55,621.15,612.5,617.2,124240.0
2024-03-05,621.6,624.55,611.0,613.2,117328.0
2024-03-06,612.15,613.2,595.75,598.0,161124.0
2024-03-07,598.0,606.5,596.8,603.3,56532.0
2024-03-11,603.75,612.5,600.05,602.2,149751.0
2024-03-12,603.45,605.1,584.0,586.65,111313.0
2024-03-13,587.15,590.5,551.05,559.8,148915.0
2024-03-14,552.65,584.8,551.5,582.4,119571.0
2024-03-15,584.55,604.0,575.95,601.25,128417.0
2024-03-18,592.65,592.65,582.3,584.35,217294.0
2024-03-19,580.95,588.55,572.95,580.05,45741.0
2024-03-20,583.75,586.95,566.65,576.75,71194.0
2024-03-21,578.55,590.8,578.55,587.05,74855.0
2024-03-22,590.55,594.7,581.55,589.15,34901.0
2024-03-26,589.15,600.0,586.8,595.15,54934.0
2024-03-27,595.2,610.25,595.2,601.7,132364.0
2024-03-28,608.45,617.0,602.3,612.3,249246.0
2024-04-01,620.15,626.7,613.7,621.45,103861.0
2024-04-02,622.7,637.4,619.7,634.45,129460.0
2024-04-03,634.4,640.25,627.0,635.0,116943.0
2024-04-04,640.95,640.95,622.85,624.15,124107.0
2024-04-05,628.15,633.0,618.6,627.35,75998.0
2024-04-08,627.0,634.6,622.05,630.3,99149.0
2024-04-09,630.7,633.7,618.7,623.3,65887.0
2024-04-10,621.2,628.6,620.1,625.55,68766.0
2024-04-12,621.75,629.95,606.0,609.65,79654.0
2024-04-15,597.55,615.3,593.2,606.8,186268.0
2024-04-16,605.65,622.9,601.35,617.0,98727.0
2024-04-18,640.95,640.95,611.5,616.3,295917.0
2024-04-19,612.0,614.25,601.0,609.45,157473.0
2024-04-22,619.65,620.7,613.6,616.35,39775.0
2024-04-23,620.35,639.25,620.0,636.45,241190.0
2024-04-24,644.5,646.85,635.35,644.15,144366.0
2024-04-25,645.7,649.0,629.05,638.4,128668.0
2024-04-26,640.45,641.9,630.2,632.05,121787.0
2024-04-29,641.3,641.3,625.15,629.8,85844.0
2024-04-30,636.55,636.55,616.4,619.7,172440.0
2024-05-02,616.95,630.85,609.7,625.4,277907.0
2024-05-03,630.15,634.75,616.55,622.25,105089.0
2024-05-06,626.95,626.95,599.7,605.95,110232.0
2024-05-07,609.95,612.35,589.0,593.55,101391.0
2024-05-08,590.15,600.85,587.65,594.35,66462.0
2024-05-09,595.35,596.0,571.95,574.3,115025.0
2024-05-10,576.25,586.3,573.25,581.75,104094.0
2024-05-13,582.15,592.05,569.05,586.95,93716.0
2024-05-14,587.05,617.0,587.05,609.85,266777.0
2024-05-15,613.85,618.3,610.0,613.0,54244.0
2024-05-16,612.45,616.15,606.0,615.05,67399.0
2024-05-17,615.3,622.15,611.15,620.45,37250.0
2024-05-21,619.75,634.8,613.95,631.2,81873.0
2024-05-22,634.85,637.0,621.8,632.85,38465.0
2024-05-23,634.85,648.0,627.0,646.05,117350.0
2024-05-24,646.25,656.15,627.35,635.45,141886.0
2024-05-27,636.3,642.45,626.35,632.35,107668.0
2024-05-28,631.3,636.35,626.7,629.2,31114.0
2024-05-29,629.15,633.5,620.25,630.1,38447.0
2024-05-30,625.05,631.15,617.0,618.7,115283.0
2024-05-31,628.95,639.4,623.45,634.3,84665.0
2024-06-03,665.05,676.65,653.2,670.6,558604.0
2024-06-04,670.6,670.6,518.0,557.4,1110009.0
2024-06-05,576.75,601.75,550.35,599.05,493444.0
2024-06-06,609.55,622.15,604.05,609.65,303726.0
2024-06-07,611.0,623.75,607.35,621.95,133859.0
2024-06-10,629.75,643.0,624.05,640.8,291055.0
2024-06-11,645.0,650.0,637.25,639.55,212286.0
2024-06-12,645.3,675.7,638.15,668.5,253126.0
2024-06-13,679.45,680.2,654.75,664.3,296656.0
2024-06-14,689.95,690.0,673.0,676.95,764048.0
2024-06-18,684.95,685.0,670.5,673.7,164608.0
2024-06-19,675.0,675.0,654.05,666.6,158614.0
2024-06-20,669.95,669.95,657.2,659.15,107844.0
2024-06-21,661.15,667.55,653.0,657.25,151101.0
2024-06-24,656.35,663.75,643.6,657.7,119367.0
2024-06-25,663.0,667.0,644.0,649.05,119638.0
2024-06-26,649.0,665.8,648.75,656.9,276049.0
2024-06-27,659.35,677.0,652.45,660.55,338230.0
2024-06-28,668.25,674.95,660.0,670.05,163769.0
2024-07-01,668.95,701.45,663.8,694.7,340427.0
2024-07-02,695.5,706.85,679.35,691.75,267326.0
2024-07-03,698.55,699.6,687.75,692.45,87520.0
2024-07-04,692.75,694.95,671.9,681.3,128252.0
2024-07-05,682.1,691.0,676.9,685.25,95031.0
2024-07-08,688.9,688.9,679.45,683.3,60302.0
2024-07-09,682.05,689.55,671.55,677.4,86629.0
2024-07-10,682.0,682.0,656.2,664.55,116869.0
2024-07-11,679.0,688.0,672.65,679.15,241706.0
2024-07-12,680.5,682.5,673.7,676.3,115383.0
2024-07-15,684.05,690.35,681.65,683.9,107210.0
2024-07-16,686.05,691.8,683.5,685.2,77921.0
2024-07-18,689.95,692.5,679.0,690.4,103505.0
2024-07-19,690.05,691.95,670.4,677.7,178965.0
2024-07-22,670.25,688.9,670.25,686.6,57974.0
2024-07-23,686.65,694.85,662.8,691.1,126629.0
2024-07-24,693.0,693.25,680.15,682.4,39826.0
2024-07-25,678.35,684.45,672.4,675.95,79073.0
2024-07-26,678.9,691.0,675.0,686.05,121293.0
2024-07-29,688.05,693.45,670.5,679.6,79350.0
2024-07-30,684.0,684.0,670.9,674.45,44416.0
2024-07-31,681.8,686.5,672.15,679.75,228113.0
2024-08-01,680.0,680.95,655.65,663.95,152860.0
2024-08-02,662.95,663.0,648.65,650.85,103796.0
2024-08-05,645.9,650.0,633.2,636.05,100585.0
2024-08-06,636.15,649.0,623.0,625.45,59654.0
2024-08-07,631.05,647.75,631.05,643.5,80985.0
2024-08-08,644.25,645.0,636.9,638.35,55583.0
2024-08-09,641.05,645.0,630.15,632.25,88315.0
2024-08-12,616.2,640.95,616.2,635.75,187281.0
2024-08-13,637.85,638.5,622.05,623.9,94760.0
2024-08-14,626.8,629.5,617.45,621.75,41267.0
2024-08-16,628.85,641.5,623.45,639.85,56480.0
2024-08-19,643.85,643.85,632.0,633.6,50016.0
2024-08-20,634.4,638.55,624.7,626.45,45854.0
2024-08-21,629.95,631.7,624.7,629.05,80350.0
2024-08-22,626.55,639.2,622.5,632.9,98564.0
2024-08-23,654.0,659.7,631.45,633.55,781759.0
2024-08-26,642.5,642.5,625.5,627.65,137354.0
2024-08-27,629.0,630.05,621.0,624.25,119783.0
2024-08-28,628.45,628.45,615.05,616.5,78289.0
2024-08-29,616.6,619.8,600.7,612.65,229626.0
2024-08-30,612.8,621.2,609.5,617.3,118496.0
2024-09-02,620.1,623.9,616.25,620.15,125655.0
2024-09-03,620.95,622.7,614.75,617.45,179557.0
2024-09-04,615.0,628.85,612.65,626.9,78098.0
2024-09-05,628.25,636.7,627.15,631.6,102201.0
2024-09-06,636.95,636.95,620.5,623.2,36272.0
2024-09-09,618.3,631.5,615.0,630.5,35183.0
2024-09-10,628.45,630.95,623.9,626.95,63544.0
2024-09-11,627.9,631.8,620.85,622.45,51544.0
2024-09-12,623.05,629.85,620.85,628.95,27777.0
2024-09-13,629.95,635.45,625.55,629.35,74263.0
2024-09-16,630.8,635.4,626.5,627.15,32114.0
2024-09-17,625.25,627.0,621.0,622.75,50940.0
2024-09-18,623.0,625.8,614.8,619.7,18491.0
2024-09-19,625.45,625.45,598.0,609.0,76114.0
2024-09-20,614.35,618.7,607.25,616.75,80364.0
2024-09-23,618.2,623.95,617.35,621.95,79586.0
2024-09-24,621.4,622.2,615.3,618.5,39108.0
2024-09-25,618.5,619.5,610.1,616.05,50944.0
2024-09-26,615.05,626.75,611.15,624.35,86401.0
2024-09-27,624.5,636.35,622.55,633.8,787045.0
2024-09-30,634.0,643.45,628.15,631.05,70004.0
2024-10-01,632.55,634.4,623.0,631.8,50401.0
2024-10-03,620.05,632.85,613.35,617.4,48578.0
2024-10-04,617.4,621.8,605.0,609.95,56168.0
2024-10-07,616.95,619.2,586.55,590.3,61269.0
2024-10-08,589.95,610.35,584.75,606.5,47872.0
2024-10-09,609.7,617.4,605.95,607.75,55909.0
2024-10-10,610.05,611.65,582.2,585.45,114273.0
2024-10-11,589.95,592.9,583.5,585.3,134048.0
2024-10-14,589.95,590.4,583.75,588.55,68313.0
2024-10-15,589.4,597.0,586.45,590.1,30072.0
2024-10-16,590.35,594.7,576.4,589.15,90756.0
2024-10-17,589.95,595.5,569.9,571.55,112006.0
2024-10-18,572.0,577.55,558.8,573.15,108922.0
2024-10-21,580.0,580.0,566.8,571.9,45116.0
2024-10-22,569.8,583.0,555.85,558.05,168604.0
2024-10-23,560.7,564.9,552.5,555.45,53138.0
2024-10-24,556.05,562.6,553.9,558.85,24514.0
2024-10-25,558.65,561.4,545.0,553.35,38949.0
2024-10-28,550.8,582.2,546.8,569.45,261870.0
2024-10-29,569.9,576.15,566.7,575.0,73821.0
2024-10-30,575.0,585.7,570.2,579.35,28586.0
2024-10-31,582.6,586.55,574.2,580.4,28450.0
2024-11-04,582.0,582.0,566.0,571.25,59503.0
2024-11-05,570.05,575.0,565.2,572.15,20386.0
2024-11-06,574.85,585.0,572.4,582.9,72199.0
2024-11-07,583.5,585.0,569.1,570.5,61833.0
2024-11-08,578.0,578.0,561.7,564.45,35027.0
2024-11-11,569.2,569.2,558.6,560.85,20619.0
2024-11-12,560.05,565.3,555.0,556.65,46058.0
2024-11-13,550.05,558.05,541.15,545.35,98110.0
2024-11-14,545.0,552.25,540.55,544.65,57957.0
2024-11-18,539.15,554.4,538.0,550.3,57851.0
2024-11-19,550.05,560.0,547.05,549.6,68755.0
2024-11-21,494.65,500.0,452.9,483.75,1427554.0
2024-11-22,475.05,514.6,475.05,500.7,509370.0
2024-11-25,513.0,514.3,502.95,505.1,225650.0
2024-11-26,509.75,509.75,491.05,493.45,184633.0
2024-11-27,495.6,523.55,490.0,515.15,350435.0
2024-11-28,515.45,522.75,510.8,512.7,253324.0
2024-11-29,515.0,536.05,513.0,531.8,201113.0
2024-12-02,534.55,541.0,529.95,538.95,163397.0
2024-12-03,541.3,571.75,539.6,566.7,299987.0
2024-12-04,573.95,573.95,560.55,564.4,147286.0
2024-12-05,569.65,573.0,563.75,571.1,67050.0
2024-12-06,571.1,573.35,564.65,565.45,77945.0
2024-12-09,569.85,576.25,564.65,571.1,85546.0
2024-12-10,574.95,574.95,566.15,573.5,63155.0
2024-12-11,578.0,584.0,575.5,578.3,136143.0
2024-12-12,577.6,579.35,570.1,572.0,79004.0
2024-12-13,571.0,574.7,564.05,572.6,70577.0
2024-12-16,574.95,578.75,571.85,576.75,24197.0
2024-12-17,573.4,578.0,569.8,570.95,27489.0
2024-12-18,577.0,578.15,563.2,564.6,50095.0
2024-12-19,555.35,564.2,553.4,563.1,69791.0
2024-12-20,563.8,570.0,546.85,548.85,25965.0
2024-12-23,551.0,554.3,547.4,551.25,45326.0
2024-12-24,555.65,555.65,542.0,542.85,45804.0
2024-12-26,543.45,550.55,540.75,548.7,44895.0
2024-12-27,545.2,553.8,545.2,548.25,26045.0
2024-12-30,547.4,558.85,541.85,545.25,131465.0
2024-12-31,542.7,548.45,533.7,535.5,54369.0
2025-01-01,541.95,541.95,530.5,538.25,18320.0
2025-01-02,546.95,550.75,538.45,549.85,33920.0
2025-01-03,554.7,554.7,546.0,548.4,52106.0
2025-01-06,548.35,548.35,526.4,530.0,51712.0
2025-01-07,530.0,539.45,524.7,535.75,64928.0
2025-01-08,536.25,540.35,530.15,537.65,54829.0
2025-01-09,539.65,539.65,522.35,525.3,32467.0
2025-01-10,524.75,524.75,508.55,511.1,108221.0
2025-01-13,505.35,513.9,491.0,493.15,53002.0
2025-01-14,495.15,517.25,495.15,515.25,42571.0
2025-01-15,517.0,525.0,513.0,519.25,38040.0
2025-01-16,530.0,542.9,529.0,539.8,37244.0
2025-01-17,544.7,544.7,530.25,536.1,23100.0
2025-01-20,537.4,539.0,530.1,534.45,18346.0
2025-01-21,536.95,548.5,530.55,531.6,41152.0
2025-01-22,534.55,538.6,527.0,537.05,33196.0
2025-01-23,535.05,552.1,530.75,547.75,115606.0
2025-01-24,547.95,562.0,547.75,552.05,138842.0
2025-01-27,551.25,551.8,533.0,534.65,122349.0
2025-01-28,535.1,550.95,526.5,542.7,47218.0
2025-01-29,544.0,551.4,518.0,522.2,394248.0
2025-01-30,529.0,529.0,497.0,509.45,445182.0
2025-01-31,509.8,517.9,509.8,512.95,84371.0
2025-02-03,501.55,501.55,486.7,494.85,249119.0
2025-02-04,498.95,514.75,498.95,513.45,74402.0
2025-02-05,515.15,526.1,513.0,521.5,51695.0
2025-02-06,520.55,524.3,511.4,513.8,35192.0
2025-02-07,512.7,522.65,507.5,512.8,36110.0
2025-02-10,518.85,519.25,504.4,506.55,43781.0
2025-02-11,506.8,512.2,493.6,499.7,49417.0
2025-02-12,500.05,505.85,481.15,501.0,49391.0
2025-02-13,509.95,510.25,499.6,502.6,27322.0
2025-02-14,502.85,506.65,483.65,489.45,40393.0
2025-02-17,485.05,490.9,479.5,488.8,29928.0
2025-02-18,491.45,493.8,474.35,486.45,168818.0
2025-02-19,479.95,490.05,474.55,479.85,62491.0
2025-02-20,481.5,484.7,477.85,482.8,165560.0
2025-02-21,487.1,487.1,476.0,481.7,886295.0
2025-02-24,479.1,479.1,469.0,470.25,41086.0
2025-02-25,476.0,476.0,467.0,469.05,534618.0
2025-02-27,468.75,470.65,459.0,469.65,277108.0
2025-02-28,468.4,468.55,458.7,465.0,67805.0
2025-03-03,464.65,474.0,455.0,472.15,125926.0
2025-03-04,469.0,481.0,464.8,474.85,91147.0
2025-03-05,475.2,492.7,474.0,489.95,126677.0
2025-03-06,492.45,500.6,487.3,498.9,84893.0
2025-03-07,499.9,505.2,491.3,498.95,130082.0
2025-03-10,499.95,507.9,487.4,489.0,73047.0
2025-03-11,485.0,497.0,480.4,495.55,153932.0
2025-03-12,495.05,501.65,485.35,488.85,98259.0
2025-03-13,494.7,494.7,485.0,486.2,26600.0
2025-03-17,486.6,494.35,485.75,490.75,69885.0
2025-03-18,491.65,499.15,491.65,497.8,150020.0
2025-03-19,497.8,508.55,497.8,506.9,44544.0
2025-03-20,508.85,512.0,503.55,504.55,32415.0
2025-03-21,508.1,517.0,506.0,514.8,57574.0
2025-03-24,517.0,520.45,510.4,518.95,227903.0
2025-03-25,524.05,538.5,518.3,520.4,243213.0
2025-03-26,520.65,537.75,520.0,531.8,115731.0
2025-03-27,531.25,545.6,527.05,543.05,67658.0
2025-03-28,543.5,551.8,536.65,537.95,123925.0
2025-04-01,538.35,542.9,528.75,529.4,33421.0
2025-04-02,526.9,536.4,524.7,534.45,21252.0
2025-04-03,530.35,544.35,529.9,540.65,60676.0
2025-04-04,540.05,543.0,525.2,528.2,37772.0
2025-04-07,475.4,531.95,475.4,525.0,215798.0
2025-04-08,528.45,538.8,527.7,537.0,276614.0
2025-04-09,532.45,552.0,532.0,546.55,237655.0
2025-04-11,558.45,558.45,544.05,548.55,460359.0
2025-04-15,557.5,559.5,550.65,558.85,155196.0
2025-04-16,558.3,566.5,554.95,565.85,241413.0
2025-04-17,567.0,570.85,562.2,569.6,103923.0
2025-04-21,573.45,582.4,568.0,578.85,102882.0
2025-04-22,580.8,584.6,575.55,578.65,61154.0
2025-04-23,582.1,582.45,569.95,574.15,212912.0
2025-04-24,571.75,579.65,569.0,571.7,53820.0
2025-04-25,570.05,573.7,544.5,548.45,344791.0
2025-04-28,547.5,552.65,541.3,545.05,326599.0
2025-04-29,550.0,552.4,530.15,534.1,551578.0
2025-04-30,537.0,546.0,533.1,539.4,239940.0
2025-05-02,539.35,542.85,527.3,531.75,308809.0
2025-05-05,533.75,549.6,529.25,541.1,151733.0
2025-05-06,541.15,543.3,532.0,535.05,290002.0
2025-05-07,524.75,538.45,524.75,535.05,419408.0
2025-05-08,538.95,538.95,519.75,524.65,358282.0
2025-05-09,512.55,529.35,512.55,527.9,180942.0
2025-05-12,540.0,544.0,535.5,541.45,119526.0
2025-05-13,542.0,542.05,534.55,537.1,225619.0
2025-05-14,541.8,544.85,536.1,543.9,56000.0
2025-05-15,543.85,548.25,539.5,547.1,88528.0
2025-05-16,548.95,565.95,548.25,563.3,67740.0
2025-05-19,569.3,569.3,559.4,565.9,48759.0
2025-05-20,567.95,571.25,561.0,561.9,307660.0
2025-05-21,560.95,570.5,560.95,567.95,34692.0
2025-05-22,565.35,569.35,561.4,567.7,479108.0
2025-05-23,565.1,576.05,565.1,571.45,82849.0
2025-05-26,570.55,576.0,564.55,566.9,73533.0
2025-05-27,570.0,570.0,558.75,562.55,155726.0
2025-05-28,560.65,567.0,559.0,561.55,30420.0
2025-05-29,558.6,563.75,556.0,561.5,30711.0
2025-05-30,550.0,562.85,550.0,552.8,317292.0
2025-06-02,558.7,559.8,549.7,555.05,145969.0
2025-06-03,554.45,557.15,548.3,552.0,29190.0
2025-06-04,552.0,554.35,548.05,552.35,151097.0
2025-06-05,558.0,558.0,549.05,550.1,24271.0
2025-06-06,552.05,557.4,550.0,555.95,30294.0
2025-06-09,564.25,564.25,554.5,559.75,311274.0
2025-06-10,562.1,566.6,559.6,561.75,269308.0
2025-06-11,564.45,567.2,556.65,561.1,143321.0
2025-06-12,564.2,564.2,544.7,548.3,64973.0
2025-06-13,540.2,546.6,537.5,543.25,161753.0
2025-06-16,542.6,552.9,537.05,550.05,58350.0
2025-06-17,550.35,556.75,547.35,550.55,38852.0
2025-06-18,550.15,553.15,544.1,544.85,19873.0
2025-06-19,542.05,545.15,530.65,533.0,229712.0
2025-06-20,532.75,535.5,528.45,533.5,97798.0
2025-06-23,526.15,539.25,526.15,535.65,47760.0
2025-06-24,540.2,562.5,539.25,554.5,303856.0
2025-06-25,556.25,560.85,551.4,559.45,167421.0
2025-06-26,559.35,569.25,559.35,566.65,130446.0
2025-06-27,566.65,579.6,565.45,575.2,129046.0
2025-06-30,574.45,579.1,572.6,577.95,239281.0
2025-07-01,583.65,587.7,578.45,580.0,220516.0
2025-07-02,580.15,597.7,580.15,594.5,257219.0
2025-07-03,595.45,597.0,585.5,588.5,138905.0
2025-07-04,591.85,601.7,588.9,594.7,129098.0
2025-07-07,596.95,596.95,585.2,592.05,61339.0
2025-07-08,591.05,592.1,580.1,591.4,478471.0
2025-07-09,591.4,595.9,588.9,590.75,149500.0
2025-07-10,592.55,595.15,580.5,585.15,218528.0
2025-07-11,584.6,591.75,583.85,585.6,37714.0
2025-07-14,587.35,591.4,584.5,590.4,88518.0
2025-07-15,590.75,594.5,588.6,593.4,146789.0
2025-07-16,591.75,596.5,586.05,595.4,179328.0
2025-07-17,596.35,596.35,589.45,593.7,48751.0
2025-07-18,596.0,599.65,591.35,596.8,60093.0
2025-07-21,597.05,614.95,597.05,613.5,351523.0
2025-07-22,614.0,625.0,614.0,620.15,293342.0
2025-07-23,623.65,623.65,613.65,620.65,88369.0
2025-07-24,619.7,623.2,616.25,620.15,121603.0
2025-07-25,618.95,618.95,609.0,613.35,171599.0
2025-07-28,610.3,619.8,606.05,611.5,122065.0
2025-07-29,614.85,614.85,602.4,610.05,215867.0
2025-07-30,610.6,620.2,610.0,618.3,104128.0
2025-07-31,614.95,624.5,590.0,592.9,408804.0
2025-08-01,593.05,615.0,589.35,609.0,290953.0
2025-08-04,609.1,615.0,603.35,605.1,109579.0
2025-08-05,605.25,606.75,598.35,602.7,27455.0
2025-08-06,605.0,606.95,587.9,589.7,171261.0
2025-08-07,585.2,594.3,580.55,592.8,175914.0
2025-08-08,592.0,595.85,578.35,580.35,59303.0
2025-08-11,583.0,591.0,580.25,588.7,46179.0
2025-08-12,590.05,590.75,585.55,587.9,54357.0
2025-08-13,588.0,588.15,574.0,580.7,226455.0
2025-08-14,579.05,583.95,571.55,578.15,44033.0
2025-08-18,590.1,603.05,589.45,590.05,144844.0
2025-08-19,595.15,595.2,587.2,592.65,62270.0
2025-08-20,591.0,594.0,589.4,591.6,36279.0
2025-08-21,592.05,593.0,585.3,587.5,32732.0
2025-08-22,586.05,589.8,576.0,576.85,55971.0
2025-08-25,580.05,582.35,578.0,581.05,150867.0
2025-08-26,585.35,585.35,571.8,572.35,117902.0
2025-08-28,570.95,570.95,559.8,562.1,24989.0
2025-08-29,563.3,569.0,560.1,562.6,42065.0
2025-09-01,565.0,569.55,563.55,566.25,35214.0
2025-09-02,572.6,572.6,564.1,567.3,19260.0
2025-09-03,568.9,577.35,568.9,574.05,54888.0
2025-09-04,592.05,595.65,566.55,567.55,165026.0
2025-09-05,574.9,574.9,562.5,566.75,31188.0
2025-09-08,568.75,577.0,565.6,570.25,51604.0
2025-09-09,574.75,575.7,566.6,567.55,33999.0
2025-09-10,568.55,573.2,566.15,566.95,28998.0
2025-09-11,566.1,566.6,548.8,560.5,23332260.0
2025-09-12,563.0,567.7,559.45,560.45,149227.0
2025-09-15,561.55,571.45,560.75,569.3,48143.0
2025-09-16,576.65,577.95,570.55,573.1,225239.0
2025-09-17,580.8,583.6,575.6,582.4,143509.0
2025-09-18,584.65,584.65,576.5,580.9,178790.0
2025-09-19,588.65,588.65,578.6,582.55,131339.0
2025-09-22,589.8,600.8,581.5,590.9,309883.0
2025-09-23,592.65,594.5,579.5,591.4,157205.0
2025-09-24,589.5,598.5,581.4,582.7,60951.0
2025-09-25,583.55,588.4,577.65,579.45,57390.0
2025-09-26,580.0,580.95,563.8,565.0,69839.0
2025-09-29,576.45,576.45,561.35,562.55,43846.0
2025-09-30,562.15,572.9,562.15,570.05,52447.0
2025-10-01,570.5,573.8,565.5,570.8,39659.0
2025-10-03,572.55,580.0,570.55,575.75,55725.0
2025-10-06,575.45,577.15,571.4,573.9,39166.0
2025-10-07,573.5,576.0,568.2,570.05,50351.0
2025-10-08,570.0,570.3,556.25,565.85,59496.0
2025-10-09,566.0,569.3,563.15,566.0,26344.0
2025-10-10,565.15,573.2,564.4,568.95,48074.0
2025-10-13,561.85,567.5,561.85,566.65,28478.0
2025-10-14,567.0,567.75,557.5,562.9,36841.0
2025-10-15,563.5,568.85,563.5,566.8,18077.0
2025-10-16,568.1,573.45,566.6,569.5,31856.0
2025-10-17,571.45,571.45,562.4,563.5,17615.0
2025-10-20,565.15,568.4,560.6,565.55,19242.0
2025-10-23,570.25,571.3,563.0,564.5,44220.0
2025-10-24,564.4,565.85,553.5,555.45,3427702.0
2025-10-27,556.1,561.95,552.2,559.95,134243.0
2025-10-28,564.25,564.25,553.2,554.95,184657.0
2025-10-29,556.05,574.7,554.6,571.3,164131.0
2025-10-30,573.2,573.4,565.0,568.2,45821.0
2025-10-31,565.55,571.15,563.3,565.25,45111.0
2025-11-03,567.35,582.7,566.95,577.35,264960.0
2025-11-04,583.75,588.55,566.0,567.3,279939.0
2025-11-06,568.55,568.6,557.15,558.7,53973.0
2025-11-07,558.7,564.15,550.6,558.75,84501.0
2025-11-10,555.85,563.0,555.0,556.1,20696.0
2025-11-11,556.4,561.0,552.05,557.6,68569.0
2025-11-12,558.1,569.9,557.6,562.4,72659.0
2025-11-13,563.8,566.35,558.15,559.25,23753.0
2025-11-14,558.5,564.8,558.5,563.15,31764.0
2025-11-17,563.7,565.35,559.2,560.45,13906.0
2025-11-18,560.4,564.0,557.0,557.65,39592.0
2025-11-19,557.15,561.1,554.6,555.2,12719.0
2025-11-20,563.6,563.6,555.0,555.75,38747.0
2025-11-21,554.5,556.55,545.1,547.5,75277.0
2025-11-24,547.85,549.35,542.1,545.35,38752.0
2025-11-25,545.55,547.9,543.75,545.75,57923.0
2025-11-26,546.5,552.15,544.3,550.2,23284.0
2025-11-27,550.95,553.15,546.8,548.4,27516.0
2025-11-28,548.4,551.75,546.05,549.95,16890.0
2025-12-01,550.35,551.9,542.85,543.3,19808.0
2025-12-02,546.15,546.9,541.1,542.95,25491.0
2025-12-03,545.5,545.7,534.05,535.65,22005.0
2025-12-04,537.0,543.5,527.35,536.75,180392.0
2025-12-05,536.45,537.35,532.0,533.85,21462.0
2025-12-08,534.15,540.3,526.75,529.25,61583.0
2025-12-09,528.75,534.75,523.3,533.0,114177.0
2025-12-10,530.55,536.25,528.6,529.65,18160.0
2025-12-11,529.7,537.15,525.5,536.25,22089.0
2025-12-12,539.7,549.9,536.65,548.05,99594.0
2025-12-15,549.4,556.6,543.4,553.25,58801.0
2025-12-16,550.05,554.65,544.35,548.65,23829.0
2025-12-17,545.15,549.55,539.35,541.15,16778.0
2025-12-18,541.1,542.25,534.95,536.15,17965.0
2025-12-19,532.1,541.1,532.1,539.7,45699.0
2025-12-22,540.4,545.35,538.7,540.0,36124.0
2025-12-23,561.25,563.25,544.3,546.75,661649.0
2025-12-24,550.05,553.4,547.5,548.55,149622.0
2025-12-26,549.1,554.9,548.1,554.4,201956.0
2025-12-29,557.35,557.35,549.5,551.9,44618.0
2025-12-30,554.5,554.5,549.1,549.75,59079.0
2025-12-31,552.55,556.85,550.8,556.3,42312.0
2026-01-01,557.55,561.1,555.05,560.0,75960.0
2026-01-02,558.95,566.45,558.3,565.2,118961.0
2026-01-05,569.55,572.7,567.85,571.2,77904.0
2026-01-06,571.4,571.95,561.3,563.5,77829.0
2026-01-07,563.5,565.15,560.75,561.8,29575.0
2026-01-08,561.8,561.85,545.5,546.95,47801.0
2026-01-09,545.65,548.25,535.6,536.95,68041.0
2026-01-12,535.45,540.45,528.5,538.55,87880.0
2026-01-13,538.75,545.45,533.95,537.65,23288.0
2026-01-14,537.65,551.35,533.6,549.55,101426.0
2026-01-16,550.5,558.2,545.95,553.25,84027.0
2026-01-19,552.7,555.35,547.1,551.9,32019.0
2026-01-20,551.9,554.1,534.6,535.5,40374.0
2026-01-21,533.15,545.0,531.15,538.95,40467.0
2026-01-22,540.15,548.4,540.15,546.2,52094.0
2026-01-23,550.7,550.7,511.05,518.85,120124.0
2026-01-27,525.75,535.95,524.95,531.05,1302206.0
2026-01-28,531.8,539.0,531.1,533.9,890961.0
2026-01-29,534.35,543.45,529.0,536.0,532789.0
2026-01-30,535.05,535.05,508.05,510.2,202675.0
2026-02-02,498.85,513.15,493.25,510.65,81650.0
2026-02-03,534.15,540.55,519.7,528.25,150123.0
2026-02-04,534.1,537.8,522.9,536.85,99665.0
2026-02-05,536.85,536.85,528.2,533.05,26093.0
2026-02-06,530.0,531.45,523.85,529.5,35653.0
2026-02-09,520.1,544.55,520.1,542.15,78688.0
2026-02-10,545.3,545.9,534.15,538.25,55316.0
2026-02-11,539.6,542.1,535.15,541.0,27966.0
2026-02-12,541.65,541.65,530.0,533.05,26339.0
2026-02-13,501.25,529.95,501.25,519.3,205470.0
2026-02-16,522.55,526.25,513.15,525.05,1001246.0
2026-02-17,524.2,528.45,520.8,522.05,65510.0
2026-02-18,521.35,525.8,520.2,522.95,44711.0
2026-02-19,522.6,526.0,510.95,511.95,20519.0
2026-02-20,514.9,517.95,508.45,512.1,24840.0
2026-02-23,508.45,518.6,508.45,515.45,67381.0
2026-02-24,512.1,517.05,507.0,514.25,56013.0
2026-02-25,511.85,518.0,507.6,511.05,53251.0
2026-02-26,519.65,519.65,510.0,512.2,23103.0
2026-02-27,508.05,512.75,499.1,500.3,94005.0
2026-03-02,490.0,493.2,480.5,489.25,135312.0
2026-03-04,488.6,488.6,471.65,475.9,241219.0
2026-03-05,477.15,482.15,469.35,480.05,50970.0
2026-03-06,472.45,480.8,465.35,466.7,91781.0
2026-03-09,460.35,460.35,443.65,451.65,401927.0
2026-03-10,457.25,465.4,454.5,462.3,76299.0
2026-03-11,461.9,471.2,456.0,457.65,79961.0
2026-03-12,455.5,455.6,445.45,446.7,129265.0
2026-03-13,445.0,446.55,424.5,425.6,191069.0
2026-03-16,425.1,435.0,424.8,428.35,155843.0
2026-03-17,430.8,436.2,428.1,433.95,253700.0
2026-03-18,438.45,444.0,433.9,441.15,60332.0
2026-03-19,425.15,435.3,418.5,420.25,152085.0
2026-03-20,425.0,427.55,419.35,420.7,184875.0
